"latitude","longitude","country","source","year","treatment","grain_yield_kgha","N","P","K"
7.71644,37.32596,"Ethiopia","Tamssa",2015,"Control",1832.42105263158,0,0,0
7.71644,37.32596,"Ethiopia","Tamssa",2015,"PK",2090.57142857143,0,40,40
7.71644,37.32596,"Ethiopia","Tamssa",2015,"NK",5216.83154121864,120,0,40
7.71644,37.32596,"Ethiopia","Tamssa",2015,"NP",6086.30357142857,120,40,0
7.71644,37.32596,"Ethiopia","Tamssa",2015,"NPK",6550.01904761905,120,40,40
7.71644,37.32596,"Ethiopia","Tamssa",2015,"NPK+",5912.48253968254,120,40,40
7.73156,37.30468,"Ethiopia","Tamssa",2015,"Control",6298.4126984127,0,0,0
7.73156,37.30468,"Ethiopia","Tamssa",2015,"PK",5506.65642601126,0,40,40
7.73156,37.30468,"Ethiopia","Tamssa",2015,"NK",10791.1486291486,120,0,40
7.73156,37.30468,"Ethiopia","Tamssa",2015,"NP",8645.60369139904,120,40,0
7.73156,37.30468,"Ethiopia","Tamssa",2015,"NPK",8877.81030854289,120,40,40
7.73156,37.30468,"Ethiopia","Tamssa",2015,"NPK+",9693.12334494774,120,40,40
7.73044,37.28692,"Ethiopia","Tamssa",2015,"Control",2337.40659340659,0,0,0
7.73044,37.28692,"Ethiopia","Tamssa",2015,"PK",1937.53043478261,0,40,40
7.73044,37.28692,"Ethiopia","Tamssa",2015,"NK",6593.65413533835,120,0,40
7.73044,37.28692,"Ethiopia","Tamssa",2015,"NP",8191.70975056689,120,40,0
7.73044,37.28692,"Ethiopia","Tamssa",2015,"NPK",7531.87916026626,120,40,40
7.73044,37.28692,"Ethiopia","Tamssa",2015,"NPK+",6869.59794079794,120,40,40
7.73035,37.2649,"Ethiopia","Tamssa",2015,"Control",4585.94444444444,0,0,0
7.73035,37.2649,"Ethiopia","Tamssa",2015,"PK",3736.61129568106,0,40,40
7.73035,37.2649,"Ethiopia","Tamssa",2015,"NK",5807.37662337662,120,0,40
7.73035,37.2649,"Ethiopia","Tamssa",2015,"NP",8051.21693121693,120,40,0
7.73035,37.2649,"Ethiopia","Tamssa",2015,"NPK",7320.20799124248,120,40,40
7.73035,37.2649,"Ethiopia","Tamssa",2015,"NPK+",5846.39376218324,120,40,40
7.73281,37.2735,"Ethiopia","Tamssa",2015,"Control",7094.79853479853,0,0,0
7.73281,37.2735,"Ethiopia","Tamssa",2015,"PK",6305.18518518519,0,40,40
7.73281,37.2735,"Ethiopia","Tamssa",2015,"NK",11369.0238548753,120,0,40
7.73281,37.2735,"Ethiopia","Tamssa",2015,"NP",9418.25273631841,120,40,0
7.73281,37.2735,"Ethiopia","Tamssa",2015,"NPK",9255.29251700681,120,40,40
7.73281,37.2735,"Ethiopia","Tamssa",2015,"NPK+",9105.34641080313,120,40,40
7.69642,37.2506,"Ethiopia","Tamssa",2015,"Control",4766.58793650794,0,0,0
7.69642,37.2506,"Ethiopia","Tamssa",2015,"PK",5972.71272727273,0,40,40
7.69642,37.2506,"Ethiopia","Tamssa",2015,"NK",8041.68030888031,120,0,40
7.69642,37.2506,"Ethiopia","Tamssa",2015,"NP",7864.88245931284,120,40,0
7.69642,37.2506,"Ethiopia","Tamssa",2015,"NPK",8191.44973544974,120,40,40
7.69642,37.2506,"Ethiopia","Tamssa",2015,"NPK+",8190.46075949367,120,40,40
7.69642,37.2505,"Ethiopia","Tamssa",2015,"Control",5508.27067669173,0,0,0
7.69642,37.2505,"Ethiopia","Tamssa",2015,"PK",6186.84687208217,0,40,40
7.69642,37.2505,"Ethiopia","Tamssa",2015,"NK",8817.81204819277,120,0,40
7.69642,37.2505,"Ethiopia","Tamssa",2015,"NP",8398.75269394143,120,40,0
7.69642,37.2505,"Ethiopia","Tamssa",2015,"NPK",8580.80846560846,120,40,40
7.69642,37.2505,"Ethiopia","Tamssa",2015,"NPK+",7706.09387057387,120,40,40
7.6723,37.24267,"Ethiopia","Tamssa",2015,"Control",2905.97647058824,0,0,0
7.6723,37.24267,"Ethiopia","Tamssa",2015,"PK",2218.15384615385,0,40,40
7.6723,37.24267,"Ethiopia","Tamssa",2015,"NK",5132.1684729064,120,0,40
7.6723,37.24267,"Ethiopia","Tamssa",2015,"NP",6527.8961038961,120,40,0
7.6723,37.24267,"Ethiopia","Tamssa",2015,"NPK",6417.62077922078,120,40,40
7.6723,37.24267,"Ethiopia","Tamssa",2015,"NPK+",5288.60215053764,120,40,40
7.65508,37.24766,"Ethiopia","Tamssa",2015,"Control",1962.03921568627,0,0,0
7.65508,37.24766,"Ethiopia","Tamssa",2015,"PK",1781.58024691358,0,40,40
7.65508,37.24766,"Ethiopia","Tamssa",2015,"NK",2283.0961038961,120,0,40
7.65508,37.24766,"Ethiopia","Tamssa",2015,"NP",4711.51291163231,120,40,0
7.65508,37.24766,"Ethiopia","Tamssa",2015,"NPK",6282.78529657477,120,40,40
7.65508,37.24766,"Ethiopia","Tamssa",2015,"NPK+",4770.84613756614,120,40,40
7.66062,37.24476,"Ethiopia","Tamssa",2015,"Control",2199.50769230769,0,0,0
7.66062,37.24476,"Ethiopia","Tamssa",2015,"PK",2543.44537815126,0,40,40
7.66062,37.24476,"Ethiopia","Tamssa",2015,"NK",4058.54476190476,120,0,40
7.66062,37.24476,"Ethiopia","Tamssa",2015,"NP",5838.85109599395,120,40,0
7.66062,37.24476,"Ethiopia","Tamssa",2015,"NPK",5664.96240601504,120,40,40
7.66062,37.24476,"Ethiopia","Tamssa",2015,"NPK+",6518.57142857143,120,40,40
7.64489,37.24881,"Ethiopia","Tamssa",2015,"Control",2187.24102564103,0,0,0
7.64489,37.24881,"Ethiopia","Tamssa",2015,"PK",1673.60725623583,0,40,40
7.64489,37.24881,"Ethiopia","Tamssa",2015,"NK",3045.68421052632,120,0,40
7.64489,37.24881,"Ethiopia","Tamssa",2015,"NP",4498.19220779221,120,40,0
7.64489,37.24881,"Ethiopia","Tamssa",2015,"NPK",4780.6024691358,120,40,40
7.64489,37.24881,"Ethiopia","Tamssa",2015,"NPK+",5014.15258576549,120,40,40
7.71621,37.22244,"Ethiopia","Tamssa",2015,"Control",8096.91428571429,0,0,0
7.71621,37.22244,"Ethiopia","Tamssa",2015,"PK",8057.71428571429,0,40,40
7.71621,37.22244,"Ethiopia","Tamssa",2015,"NK",9281.43690954294,120,0,40
7.71621,37.22244,"Ethiopia","Tamssa",2015,"NP",10657.156626506,120,40,0
7.71621,37.22244,"Ethiopia","Tamssa",2015,"NPK",10175.4107936508,120,40,40
7.71621,37.22244,"Ethiopia","Tamssa",2015,"NPK+",12608.1786535304,120,40,40
7.73851,37.22357,"Ethiopia","Tamssa",2015,"Control",3005.45441122185,0,0,0
7.73851,37.22357,"Ethiopia","Tamssa",2015,"PK",3253.15324675325,0,40,40
7.73851,37.22357,"Ethiopia","Tamssa",2015,"NK",6330.84155844156,120,0,40
7.73851,37.22357,"Ethiopia","Tamssa",2015,"NP",6749.86666666667,120,40,0
7.73851,37.22357,"Ethiopia","Tamssa",2015,"NPK",8495.46992266992,120,40,40
7.73851,37.22357,"Ethiopia","Tamssa",2015,"NPK+",5355.93429951691,120,40,40
7.7302,37.22635,"Ethiopia","Tamssa",2015,"Control",6449.94077922078,0,0,0
7.7302,37.22635,"Ethiopia","Tamssa",2015,"PK",6510.23342670402,0,40,40
7.7302,37.22635,"Ethiopia","Tamssa",2015,"NK",9053.68747795415,120,0,40
7.7302,37.22635,"Ethiopia","Tamssa",2015,"NP",10366.8752834467,120,40,0
7.7302,37.22635,"Ethiopia","Tamssa",2015,"NPK",9471.12328767123,120,40,40
7.7302,37.22635,"Ethiopia","Tamssa",2015,"NPK+",10152.1826484018,120,40,40
7.76581,37.2388,"Ethiopia","Tamssa",2015,"Control",1752,0,0,0
7.76581,37.2388,"Ethiopia","Tamssa",2015,"PK",1944.84981684982,0,40,40
7.76581,37.2388,"Ethiopia","Tamssa",2015,"NK",5825.28458781362,120,0,40
7.76581,37.2388,"Ethiopia","Tamssa",2015,"NP",6887.05459423206,120,40,0
7.76581,37.2388,"Ethiopia","Tamssa",2015,"NPK",7393.09641226354,120,40,40
7.76581,37.2388,"Ethiopia","Tamssa",2015,"NPK+",6406.77966101695,120,40,40
7.7119,37.04398,"Ethiopia","Tamssa",2015,"Control",2949.88034188034,0,0,0
7.7119,37.04398,"Ethiopia","Tamssa",2015,"PK",4153.6,0,40,40
7.7119,37.04398,"Ethiopia","Tamssa",2015,"NK",5528.4,120,0,40
7.7119,37.04398,"Ethiopia","Tamssa",2015,"NP",6660.69444444444,120,40,0
7.7119,37.04398,"Ethiopia","Tamssa",2015,"NPK",6039.06323185012,120,40,40
7.7119,37.04398,"Ethiopia","Tamssa",2015,"NPK+",8050.15873015873,120,40,40
7.70666,37.02613,"Ethiopia","Tamssa",2015,"Control",2041.50857142857,0,0,0
7.70666,37.02613,"Ethiopia","Tamssa",2015,"PK",1510.76691729323,0,40,40
7.70666,37.02613,"Ethiopia","Tamssa",2015,"NK",6196.77419354839,120,0,40
7.70666,37.02613,"Ethiopia","Tamssa",2015,"NP",6726.88172043011,120,40,0
7.70666,37.02613,"Ethiopia","Tamssa",2015,"NPK",5690.32597754549,120,40,40
7.70666,37.02613,"Ethiopia","Tamssa",2015,"NPK+",5883.63636363636,120,40,40
7.71788,37.0164,"Ethiopia","Tamssa",2015,"Control",2531.79331306991,0,0,0
7.71788,37.0164,"Ethiopia","Tamssa",2015,"PK",2670.82690854119,0,40,40
7.71788,37.0164,"Ethiopia","Tamssa",2015,"NK",7688.40634920635,120,0,40
7.71788,37.0164,"Ethiopia","Tamssa",2015,"NP",9781.66504065041,120,40,0
7.71788,37.0164,"Ethiopia","Tamssa",2015,"NPK",10104.9701587302,120,40,40
7.71788,37.0164,"Ethiopia","Tamssa",2015,"NPK+",9864.65063001146,120,40,40
7.71668,37.01987,"Ethiopia","Tamssa",2015,"Control",2023.96313364055,0,0,0
7.71668,37.01987,"Ethiopia","Tamssa",2015,"PK",4014.34947089947,0,40,40
7.71668,37.01987,"Ethiopia","Tamssa",2015,"NK",6414.07066052227,120,0,40
7.71668,37.01987,"Ethiopia","Tamssa",2015,"NP",6564.41045177045,120,40,0
7.71668,37.01987,"Ethiopia","Tamssa",2015,"NPK",6600.88888888889,120,40,40
7.71668,37.01987,"Ethiopia","Tamssa",2015,"NPK+",5635.25925925926,120,40,40
7.68718,36.94702,"Ethiopia","Tamssa",2015,"Control",4108.50909090909,0,0,0
7.68718,36.94702,"Ethiopia","Tamssa",2015,"PK",4127.51604938272,0,40,40
7.68718,36.94702,"Ethiopia","Tamssa",2015,"NK",7342.64177777778,120,0,40
7.68718,36.94702,"Ethiopia","Tamssa",2015,"NP",7613.56421356421,120,40,0
7.68718,36.94702,"Ethiopia","Tamssa",2015,"NPK",8544.22994422994,120,40,40
7.68718,36.94702,"Ethiopia","Tamssa",2015,"NPK+",8535.1619047619,120,40,40
7.72324,36.95476,"Ethiopia","Tamssa",2015,"Control",2065.87936507937,0,0,0
7.72324,36.95476,"Ethiopia","Tamssa",2015,"PK",2526.46616541353,0,40,40
7.72324,36.95476,"Ethiopia","Tamssa",2015,"NK",4701.32178932179,120,0,40
7.72324,36.95476,"Ethiopia","Tamssa",2015,"NP",6703.08963585434,120,40,0
7.72324,36.95476,"Ethiopia","Tamssa",2015,"NPK",7384.40966183575,120,40,40
7.72324,36.95476,"Ethiopia","Tamssa",2015,"NPK+",7213.79782790309,120,40,40
7.72944,36.94875,"Ethiopia","Tamssa",2015,"Control",5498.5974025974,0,0,0
7.72944,36.94875,"Ethiopia","Tamssa",2015,"PK",4972.25142857143,0,40,40
7.72944,36.94875,"Ethiopia","Tamssa",2015,"NK",7882.97142857143,120,0,40
7.72944,36.94875,"Ethiopia","Tamssa",2015,"NP",8105.09569160998,120,40,0
7.72944,36.94875,"Ethiopia","Tamssa",2015,"NPK",8996.84444444444,120,40,40
7.72944,36.94875,"Ethiopia","Tamssa",2015,"NPK+",6552.31062271062,120,40,40
7.69972,36.92272,"Ethiopia","Tamssa",2015,"Control",3528.58585858586,0,0,0
7.69972,36.92272,"Ethiopia","Tamssa",2015,"PK",3398.08637873754,0,40,40
7.69972,36.92272,"Ethiopia","Tamssa",2015,"NK",7278.8197044335,120,0,40
7.69972,36.92272,"Ethiopia","Tamssa",2015,"NP",9343.78365667254,120,40,0
7.69972,36.92272,"Ethiopia","Tamssa",2015,"NPK",8787.28465608466,120,40,40
7.69972,36.92272,"Ethiopia","Tamssa",2015,"NPK+",8003.2987012987,120,40,40
7.68903,36.90989,"Ethiopia","Tamssa",2015,"Control",1497.92820512821,0,0,0
7.68903,36.90989,"Ethiopia","Tamssa",2015,"PK",3276.53642213642,0,40,40
7.68903,36.90989,"Ethiopia","Tamssa",2015,"NK",7095.24545663676,120,0,40
7.68903,36.90989,"Ethiopia","Tamssa",2015,"NP",6078.64823348694,120,40,0
7.68903,36.90989,"Ethiopia","Tamssa",2015,"NPK",6898.22076502732,120,40,40
7.68903,36.90989,"Ethiopia","Tamssa",2015,"NPK+",7294.45758998435,120,40,40
9.0393,37.20603,"Ethiopia","Tamssa",2015,"Control",8649.27536231884,0,0,0
9.0393,37.20603,"Ethiopia","Tamssa",2015,"PK",7911.03796825397,0,40,40
9.0393,37.20603,"Ethiopia","Tamssa",2015,"NK",8623.63205574913,120,0,40
9.0393,37.20603,"Ethiopia","Tamssa",2015,"NP",8124.72472748135,120,40,0
9.0393,37.20603,"Ethiopia","Tamssa",2015,"NPK",9720.06857142857,120,40,40
9.0393,37.20603,"Ethiopia","Tamssa",2015,"NPK+",7780.40816326531,120,40,40
9.04302,37.19367,"Ethiopia","Tamssa",2015,"Control",2916.45569620253,0,0,0
9.04302,37.19367,"Ethiopia","Tamssa",2015,"PK",2961.48292682927,0,40,40
9.04302,37.19367,"Ethiopia","Tamssa",2015,"NK",6437.86277939747,120,0,40
9.04302,37.19367,"Ethiopia","Tamssa",2015,"NP",4532.33743534867,120,40,0
9.04302,37.19367,"Ethiopia","Tamssa",2015,"NPK",5384.59178082192,120,40,40
9.04302,37.19367,"Ethiopia","Tamssa",2015,"NPK+",6323.43753501401,120,40,40
9.07153,37.17578,"Ethiopia","Tamssa",2015,"Control",4288.33126293996,0,0,0
9.07153,37.17578,"Ethiopia","Tamssa",2015,"PK",4494.77320419693,0,40,40
9.07153,37.17578,"Ethiopia","Tamssa",2015,"NK",7451.85185185185,120,0,40
9.07153,37.17578,"Ethiopia","Tamssa",2015,"NP",7381.99703703704,120,40,0
9.07153,37.17578,"Ethiopia","Tamssa",2015,"NPK",7948.45714285714,120,40,40
9.07153,37.17578,"Ethiopia","Tamssa",2015,"NPK+",6750.92583918813,120,40,40
9.07722,37.16172,"Ethiopia","Tamssa",2015,"Control",4874.00225538972,0,0,0
9.07722,37.16172,"Ethiopia","Tamssa",2015,"PK",5237.97448337826,0,40,40
9.07722,37.16172,"Ethiopia","Tamssa",2015,"NK",5397.47969924812,120,0,40
9.07722,37.16172,"Ethiopia","Tamssa",2015,"NP",6687.03953823954,120,40,0
9.07722,37.16172,"Ethiopia","Tamssa",2015,"NPK",5964.80898876404,120,40,40
9.07722,37.16172,"Ethiopia","Tamssa",2015,"NPK+",8490.42962962963,120,40,40
9.07722,37.16172,"Ethiopia","Tamssa",2015,"Control",9250.50842490842,0,0,0
9.07722,37.16172,"Ethiopia","Tamssa",2015,"PK",10966.7246376812,0,40,40
9.07722,37.16172,"Ethiopia","Tamssa",2015,"NK",12089.6270042194,120,0,40
9.07722,37.16172,"Ethiopia","Tamssa",2015,"NP",12826.2194616977,120,40,0
9.07722,37.16172,"Ethiopia","Tamssa",2015,"NPK",10458.7493877551,120,40,40
9.07722,37.16172,"Ethiopia","Tamssa",2015,"NPK+",10155.3736434109,120,40,40
9.08208,37.15074,"Ethiopia","Tamssa",2015,"Control",4170.42857142857,0,0,0
9.08208,37.15074,"Ethiopia","Tamssa",2015,"PK",4558.72672193878,0,40,40
9.08208,37.15074,"Ethiopia","Tamssa",2015,"NK",8739.1193539916,120,0,40
9.08208,37.15074,"Ethiopia","Tamssa",2015,"NP",7994.98113682093,120,40,0
9.08208,37.15074,"Ethiopia","Tamssa",2015,"NPK",7942.28693877551,120,40,40
9.08208,37.15074,"Ethiopia","Tamssa",2015,"NPK+",7314.21545988258,120,40,40
9.09123,37.1584,"Ethiopia","Tamssa",2015,"Control",5570.48148148148,0,0,0
9.09123,37.1584,"Ethiopia","Tamssa",2015,"PK",6785.50103995621,0,40,40
9.09123,37.1584,"Ethiopia","Tamssa",2015,"NK",6985.07114845938,120,0,40
9.09123,37.1584,"Ethiopia","Tamssa",2015,"NP",8854.37497124454,120,40,0
9.09123,37.1584,"Ethiopia","Tamssa",2015,"NPK",8777.14285714286,120,40,40
9.09123,37.1584,"Ethiopia","Tamssa",2015,"NPK+",10078.7822790808,120,40,40
9.10965,37.17131,"Ethiopia","Tamssa",2015,"Control",7108.20861678005,0,0,0
9.10965,37.17131,"Ethiopia","Tamssa",2015,"PK",7820.58507462687,0,40,40
9.10965,37.17131,"Ethiopia","Tamssa",2015,"NK",10340.5739368999,120,0,40
9.10965,37.17131,"Ethiopia","Tamssa",2015,"NP",8769.12280701754,120,40,0
9.10965,37.17131,"Ethiopia","Tamssa",2015,"NPK",10555.1831578947,120,40,40
9.10965,37.17131,"Ethiopia","Tamssa",2015,"NPK+",9209.63157894737,120,40,40
9.08881,37.14396,"Ethiopia","Tamssa",2015,"Control",5000.59213250518,0,0,0
9.08881,37.14396,"Ethiopia","Tamssa",2015,"PK",5525.8930875576,0,40,40
9.08881,37.14396,"Ethiopia","Tamssa",2015,"NK",11906.653968254,120,0,40
9.08881,37.14396,"Ethiopia","Tamssa",2015,"NP",9893.38890756302,120,40,0
9.08881,37.14396,"Ethiopia","Tamssa",2015,"NPK",9218.68296612177,120,40,40
9.08881,37.14396,"Ethiopia","Tamssa",2015,"NPK+",8660.15718575719,120,40,40
9.08768,37.13443,"Ethiopia","Tamssa",2015,"Control",4128.21548821549,0,0,0
9.08768,37.13443,"Ethiopia","Tamssa",2015,"PK",4952.96,0,40,40
9.08768,37.13443,"Ethiopia","Tamssa",2015,"NK",8447.54182754183,120,0,40
9.08768,37.13443,"Ethiopia","Tamssa",2015,"NP",7557.85608465608,120,40,0
9.08768,37.13443,"Ethiopia","Tamssa",2015,"NPK",8571.90587049635,120,40,40
9.08768,37.13443,"Ethiopia","Tamssa",2015,"NPK+",6892.36363636364,120,40,40
9.07969,37.08896,"Ethiopia","Tamssa",2015,"Control",6950.96713615024,0,0,0
9.07969,37.08896,"Ethiopia","Tamssa",2015,"PK",6611.02406015038,0,40,40
9.07969,37.08896,"Ethiopia","Tamssa",2015,"NK",10024.1219047619,120,0,40
9.07969,37.08896,"Ethiopia","Tamssa",2015,"NP",9689.29684210526,120,40,0
9.07969,37.08896,"Ethiopia","Tamssa",2015,"NPK",8200.45258445259,120,40,40
9.07969,37.08896,"Ethiopia","Tamssa",2015,"NPK+",9899.43795721187,120,40,40
9.11445,37.08758,"Ethiopia","Tamssa",2015,"Control",3177.52380952381,0,0,0
9.11445,37.08758,"Ethiopia","Tamssa",2015,"PK",5884.45159847977,0,40,40
9.11445,37.08758,"Ethiopia","Tamssa",2015,"NK",4803.4309673555,120,0,40
9.11445,37.08758,"Ethiopia","Tamssa",2015,"NP",8681.98309859155,120,40,0
9.11445,37.08758,"Ethiopia","Tamssa",2015,"NPK",7452.12080200501,120,40,40
9.11445,37.08758,"Ethiopia","Tamssa",2015,"NPK+",6456.9696969697,120,40,40
9.119119,37.097843,"Ethiopia","Tamssa",2015,"Control",5006.6258640553,0,0,0
9.119119,37.097843,"Ethiopia","Tamssa",2015,"PK",4870.88114754098,0,40,40
9.119119,37.097843,"Ethiopia","Tamssa",2015,"NK",6361.46428571429,120,0,40
9.119119,37.097843,"Ethiopia","Tamssa",2015,"NP",5915.30223214286,120,40,0
9.119119,37.097843,"Ethiopia","Tamssa",2015,"NPK",6170.4931547619,120,40,40
9.119119,37.097843,"Ethiopia","Tamssa",2015,"NPK+",6489.82932330827,120,40,40
9.14912,37.04398,"Ethiopia","Tamssa",2015,"Control",8665.27140897511,0,0,0
9.14912,37.04398,"Ethiopia","Tamssa",2015,"PK",9332.8,0,40,40
9.14912,37.04398,"Ethiopia","Tamssa",2015,"NK",8073.43157894737,120,0,40
9.14912,37.04398,"Ethiopia","Tamssa",2015,"NP",8815.49319727891,120,40,0
9.14912,37.04398,"Ethiopia","Tamssa",2015,"NPK",8026.51470434328,120,40,40
9.14912,37.04398,"Ethiopia","Tamssa",2015,"NPK+",8153.32919254658,120,40,40
9.15187,37.04784,"Ethiopia","Tamssa",2015,"Control",4348.38095238095,0,0,0
9.15187,37.04784,"Ethiopia","Tamssa",2015,"PK",4718.80544217687,0,40,40
9.15187,37.04784,"Ethiopia","Tamssa",2015,"NK",8439.41520467836,120,0,40
9.15187,37.04784,"Ethiopia","Tamssa",2015,"NP",9048.01737677527,120,40,0
9.15187,37.04784,"Ethiopia","Tamssa",2015,"NPK",8663.7164021164,120,40,40
9.15187,37.04784,"Ethiopia","Tamssa",2015,"NPK+",7740.6910609858,120,40,40
9.15591,37.03063,"Ethiopia","Tamssa",2015,"Control",7006.54103343465,0,0,0
9.15591,37.03063,"Ethiopia","Tamssa",2015,"PK",7061.06832298137,0,40,40
9.15591,37.03063,"Ethiopia","Tamssa",2015,"NK",8996.84444444444,120,0,40
9.15591,37.03063,"Ethiopia","Tamssa",2015,"NP",8451.23232323232,120,40,0
9.15591,37.03063,"Ethiopia","Tamssa",2015,"NPK",8435.4612244898,120,40,40
9.15591,37.03063,"Ethiopia","Tamssa",2015,"NPK+",9157.4,120,40,40
9.18114,37.02647,"Ethiopia","Tamssa",2015,"Control",4626.59047619048,0,0,0
9.18114,37.02647,"Ethiopia","Tamssa",2015,"PK",4251.16049382716,0,40,40
9.18114,37.02647,"Ethiopia","Tamssa",2015,"NK",7455.64187261402,120,0,40
9.18114,37.02647,"Ethiopia","Tamssa",2015,"NP",6788.86735679779,120,40,0
9.18114,37.02647,"Ethiopia","Tamssa",2015,"NPK",8696.34567901234,120,40,40
9.18114,37.02647,"Ethiopia","Tamssa",2015,"NPK+",8636.49757045675,120,40,40
9.12272,37.02615,"Ethiopia","Tamssa",2015,"Control",9022.3829424307,0,0,0
9.12272,37.02615,"Ethiopia","Tamssa",2015,"PK",7936.05123152709,0,40,40
9.12272,37.02615,"Ethiopia","Tamssa",2015,"NK",7117.63660130719,120,0,40
9.12272,37.02615,"Ethiopia","Tamssa",2015,"NP",7703.9890260631,120,40,0
9.12272,37.02615,"Ethiopia","Tamssa",2015,"NPK",7313.41009239517,120,40,40
9.12272,37.02615,"Ethiopia","Tamssa",2015,"NPK+",7001.12449799197,120,40,40
9.11107,37.00752,"Ethiopia","Tamssa",2015,"Control",5414.54328358209,0,0,0
9.11107,37.00752,"Ethiopia","Tamssa",2015,"PK",6440.39935587762,0,40,40
9.11107,37.00752,"Ethiopia","Tamssa",2015,"NK",5086.85946791862,120,0,40
9.11107,37.00752,"Ethiopia","Tamssa",2015,"NP",7265.78881987578,120,40,0
9.11107,37.00752,"Ethiopia","Tamssa",2015,"NPK",5447.08626639061,120,40,40
9.11107,37.00752,"Ethiopia","Tamssa",2015,"NPK+",5705.55338116982,120,40,40
9.04652,37.00395,"Ethiopia","Tamssa",2015,"Control",5956.83687943262,0,0,0
9.04652,37.00395,"Ethiopia","Tamssa",2015,"PK",6151.48277197058,0,40,40
9.04652,37.00395,"Ethiopia","Tamssa",2015,"NK",5173.37142857143,120,0,40
9.04652,37.00395,"Ethiopia","Tamssa",2015,"NP",8139.65334982478,120,40,0
9.04652,37.00395,"Ethiopia","Tamssa",2015,"NPK",7762.52405372405,120,40,40
9.04652,37.00395,"Ethiopia","Tamssa",2015,"NPK+",9967.53659491194,120,40,40
9.033001,37.00965,"Ethiopia","Tamssa",2015,"Control",5018.86685340803,0,0,0
9.033001,37.00965,"Ethiopia","Tamssa",2015,"PK",3829.24190476191,0,40,40
9.033001,37.00965,"Ethiopia","Tamssa",2015,"NK",6079.27168458781,120,0,40
9.033001,37.00965,"Ethiopia","Tamssa",2015,"NP",6448.55857142857,120,40,0
9.033001,37.00965,"Ethiopia","Tamssa",2015,"NPK",7207.35963718821,120,40,40
9.033001,37.00965,"Ethiopia","Tamssa",2015,"NPK+",5912.41680672269,120,40,40
9.10694,36.93821,"Ethiopia","Tamssa",2015,"Control",7944.83809523809,0,0,0
9.10694,36.93821,"Ethiopia","Tamssa",2015,"PK",8202.17806451613,0,40,40
9.10694,36.93821,"Ethiopia","Tamssa",2015,"NK",8044.73904761905,120,0,40
9.10694,36.93821,"Ethiopia","Tamssa",2015,"NP",7842.16040100251,120,40,0
9.10694,36.93821,"Ethiopia","Tamssa",2015,"NPK",9164.61333333333,120,40,40
9.10694,36.93821,"Ethiopia","Tamssa",2015,"NPK+",9216.19821912505,120,40,40
9.10694,36.93821,"Ethiopia","Tamssa",2015,"Control",5190.391242474,0,0,0
9.10694,36.93821,"Ethiopia","Tamssa",2015,"PK",5056,0,40,40
9.10694,36.93821,"Ethiopia","Tamssa",2015,"NK",6645.08877684407,120,0,40
9.10694,36.93821,"Ethiopia","Tamssa",2015,"NP",7626.09080841639,120,40,0
9.10694,36.93821,"Ethiopia","Tamssa",2015,"NPK",8999.17163120567,120,40,40
9.10694,36.93821,"Ethiopia","Tamssa",2015,"NPK+",7425.82135642136,120,40,40
38.380629,7.038719,"Ethiopia","Tamssa",2015,"Control",2610.46153846154,0,0,0
38.380629,7.038719,"Ethiopia","Tamssa",2015,"PK",2609.21637426901,0,40,40
38.380629,7.038719,"Ethiopia","Tamssa",2015,"NK",3360.92444444444,120,0,40
38.380629,7.038719,"Ethiopia","Tamssa",2015,"NP",3396.48979591837,120,40,0
38.380629,7.038719,"Ethiopia","Tamssa",2015,"NPK",6367.75308641975,120,40,40
38.380629,7.038719,"Ethiopia","Tamssa",2015,"NPK+",7058.95384615385,120,40,40
38.380585,7.039703,"Ethiopia","Tamssa",2015,"Control",3758.46712018141,0,0,0
38.380585,7.039703,"Ethiopia","Tamssa",2015,"PK",4117.44067085954,0,40,40
38.380585,7.039703,"Ethiopia","Tamssa",2015,"NK",4845.4637964775,120,0,40
38.380585,7.039703,"Ethiopia","Tamssa",2015,"NP",5917.09247049247,120,40,0
38.380585,7.039703,"Ethiopia","Tamssa",2015,"NPK",6898.42661448141,120,40,40
38.380585,7.039703,"Ethiopia","Tamssa",2015,"NPK+",5648.42158730159,120,40,40
38.380058,7.040559,"Ethiopia","Tamssa",2015,"Control",3731.42095238095,0,0,0
38.380058,7.040559,"Ethiopia","Tamssa",2015,"PK",4625.99546485261,0,40,40
38.380058,7.040559,"Ethiopia","Tamssa",2015,"NK",5601.14285714286,120,0,40
38.380058,7.040559,"Ethiopia","Tamssa",2015,"NP",8408.16611295681,120,40,0
38.380058,7.040559,"Ethiopia","Tamssa",2015,"NPK",8271.02015503876,120,40,40
38.380058,7.040559,"Ethiopia","Tamssa",2015,"NPK+",7918.93333333333,120,40,40
38.386126,7.050768,"Ethiopia","Tamssa",2015,"Control",6884.91005291005,0,0,0
38.386126,7.050768,"Ethiopia","Tamssa",2015,"PK",5389.33109243697,0,40,40
38.386126,7.050768,"Ethiopia","Tamssa",2015,"NK",4809.57288135593,120,0,40
38.386126,7.050768,"Ethiopia","Tamssa",2015,"NP",4383.37391304348,120,40,0
38.386126,7.050768,"Ethiopia","Tamssa",2015,"NPK",6870.64751826656,120,40,40
38.386126,7.050768,"Ethiopia","Tamssa",2015,"NPK+",6638.36734693878,120,40,40
NA,NA,"Ethiopia","Tamssa",2015,"Control",4765.4693877551,0,0,0
NA,NA,"Ethiopia","Tamssa",2015,"PK",4668.35796387521,0,40,40
NA,NA,"Ethiopia","Tamssa",2015,"NK",5596.31428571428,120,0,40
NA,NA,"Ethiopia","Tamssa",2015,"NP",6085.20225294419,120,40,0
NA,NA,"Ethiopia","Tamssa",2015,"NPK",5170.99016393443,120,40,40
NA,NA,"Ethiopia","Tamssa",2015,"NPK+",5203.40852130326,120,40,40
38.385471,7.053699,"Ethiopia","Tamssa",2015,"Control",6700.90158730159,0,0,0
38.385471,7.053699,"Ethiopia","Tamssa",2015,"PK",7029.62162162162,0,40,40
38.385471,7.053699,"Ethiopia","Tamssa",2015,"NK",8185.71689497717,120,0,40
38.385471,7.053699,"Ethiopia","Tamssa",2015,"NP",7361.82857142857,120,40,0
38.385471,7.053699,"Ethiopia","Tamssa",2015,"NPK",7679.54285714286,120,40,40
38.385471,7.053699,"Ethiopia","Tamssa",2015,"NPK+",6990.38476190476,120,40,40
38.389472,7.05991,"Ethiopia","Tamssa",2015,"Control",1509.7519106408,0,0,0
38.389472,7.05991,"Ethiopia","Tamssa",2015,"PK",1355.91724137931,0,40,40
38.389472,7.05991,"Ethiopia","Tamssa",2015,"NK",3156.41073593074,120,0,40
38.389472,7.05991,"Ethiopia","Tamssa",2015,"NP",3409.54412698413,120,40,0
38.389472,7.05991,"Ethiopia","Tamssa",2015,"NPK",3698.77968253968,120,40,40
38.389472,7.05991,"Ethiopia","Tamssa",2015,"NPK+",5371.16444444444,120,40,40
38.390645,7.054269,"Ethiopia","Tamssa",2015,"Control",4090.80323450135,0,0,0
38.390645,7.054269,"Ethiopia","Tamssa",2015,"PK",4051.36296296296,0,40,40
38.390645,7.054269,"Ethiopia","Tamssa",2015,"NK",5005.12380952381,120,0,40
38.390645,7.054269,"Ethiopia","Tamssa",2015,"NP",5765.02986279257,120,40,0
38.390645,7.054269,"Ethiopia","Tamssa",2015,"NPK",5346.22040816326,120,40,40
38.390645,7.054269,"Ethiopia","Tamssa",2015,"NPK+",5833.20322664585,120,40,40
38.381701,7.093489,"Ethiopia","Tamssa",2015,"Control",5670.22893081761,0,0,0
38.381701,7.093489,"Ethiopia","Tamssa",2015,"PK",5800.75585789872,0,40,40
38.381701,7.093489,"Ethiopia","Tamssa",2015,"NK",6390.89328449328,120,0,40
38.381701,7.093489,"Ethiopia","Tamssa",2015,"NP",7791.04711111111,120,40,0
38.381701,7.093489,"Ethiopia","Tamssa",2015,"NPK",6757.59887482419,120,40,40
38.381701,7.093489,"Ethiopia","Tamssa",2015,"NPK+",5939.89189189189,120,40,40
38.384263,7.098919,"Ethiopia","Tamssa",2015,"Control",4589.34624697337,0,0,0
38.384263,7.098919,"Ethiopia","Tamssa",2015,"PK",4631.27819548872,0,40,40
38.384263,7.098919,"Ethiopia","Tamssa",2015,"NK",6151.81547619048,120,0,40
38.384263,7.098919,"Ethiopia","Tamssa",2015,"NP",7095.16417910448,120,40,0
38.384263,7.098919,"Ethiopia","Tamssa",2015,"NPK",7640.01578721579,120,40,40
38.384263,7.098919,"Ethiopia","Tamssa",2015,"NPK+",7016.85986394558,120,40,40
38.382709,7.090163,"Ethiopia","Tamssa",2015,"Control",4792.13214285714,0,0,0
38.382709,7.090163,"Ethiopia","Tamssa",2015,"PK",4520.46783625731,0,40,40
38.382709,7.090163,"Ethiopia","Tamssa",2015,"NK",6538.68571428572,120,0,40
38.382709,7.090163,"Ethiopia","Tamssa",2015,"NP",6184.59047619047,120,40,0
38.382709,7.090163,"Ethiopia","Tamssa",2015,"NPK",4548.06349206349,120,40,40
38.382709,7.090163,"Ethiopia","Tamssa",2015,"NPK+",6014.56761904762,120,40,40
38.385061,7.088581,"Ethiopia","Tamssa",2015,"Control",2895.63209876543,0,0,0
38.385061,7.088581,"Ethiopia","Tamssa",2015,"PK",3761.58835978836,0,40,40
38.385061,7.088581,"Ethiopia","Tamssa",2015,"NK",4865.12241579559,120,0,40
38.385061,7.088581,"Ethiopia","Tamssa",2015,"NP",4524.3976346094,120,40,0
38.385061,7.088581,"Ethiopia","Tamssa",2015,"NPK",4644.96894409938,120,40,40
38.385061,7.088581,"Ethiopia","Tamssa",2015,"NPK+",3398.27301587302,120,40,40
38.389296,7.086571,"Ethiopia","Tamssa",2015,"Control",6073.69312169312,0,0,0
38.389296,7.086571,"Ethiopia","Tamssa",2015,"PK",4288.54700854701,0,40,40
38.389296,7.086571,"Ethiopia","Tamssa",2015,"NK",4993.69585253456,120,0,40
38.389296,7.086571,"Ethiopia","Tamssa",2015,"NP",5273.27407407407,120,40,0
38.389296,7.086571,"Ethiopia","Tamssa",2015,"NPK",6175.9,120,40,40
38.389296,7.086571,"Ethiopia","Tamssa",2015,"NPK+",7234.80080482897,120,40,40
38.378353,7.107671,"Ethiopia","Tamssa",2015,"Control",5211.79638752052,0,0,0
38.378353,7.107671,"Ethiopia","Tamssa",2015,"PK",2782.27177700349,0,40,40
38.378353,7.107671,"Ethiopia","Tamssa",2015,"NK",6189.08083028083,120,0,40
38.378353,7.107671,"Ethiopia","Tamssa",2015,"NP",4872.91751412429,120,40,0
38.378353,7.107671,"Ethiopia","Tamssa",2015,"NPK",5067.09218328841,120,40,40
38.378353,7.107671,"Ethiopia","Tamssa",2015,"NPK+",5137.77777777778,120,40,40
38.387455,7.087564,"Ethiopia","Tamssa",2015,"Control",2500.41904761905,0,0,0
38.387455,7.087564,"Ethiopia","Tamssa",2015,"PK",2698.9898989899,0,40,40
38.387455,7.087564,"Ethiopia","Tamssa",2015,"NK",4323.83104654291,120,0,40
38.387455,7.087564,"Ethiopia","Tamssa",2015,"NP",4714.00634920635,120,40,0
38.387455,7.087564,"Ethiopia","Tamssa",2015,"NPK",4404.15763546798,120,40,40
38.387455,7.087564,"Ethiopia","Tamssa",2015,"NPK+",4715.02325882734,120,40,40
38.385896,7.087219,"Ethiopia","Tamssa",2015,"Control",3745.87654320988,0,0,0
38.385896,7.087219,"Ethiopia","Tamssa",2015,"PK",4120.82828282828,0,40,40
38.385896,7.087219,"Ethiopia","Tamssa",2015,"NK",5032.46200607903,120,0,40
38.385896,7.087219,"Ethiopia","Tamssa",2015,"NP",5498.64691358025,120,40,0
38.385896,7.087219,"Ethiopia","Tamssa",2015,"NPK",4234.7640981241,120,40,40
38.385896,7.087219,"Ethiopia","Tamssa",2015,"NPK+",4427.80121212121,120,40,40
38.693,7.90805,"Ethiopia","Tamssa",2015,"Control",965.99072039072,0,0,0
38.693,7.90805,"Ethiopia","Tamssa",2015,"PK",2133.55885714286,0,40,40
38.693,7.90805,"Ethiopia","Tamssa",2015,"NK",778.292486772487,120,0,40
38.693,7.90805,"Ethiopia","Tamssa",2015,"NP",2986.83597883598,120,40,0
38.693,7.90805,"Ethiopia","Tamssa",2015,"NPK",2516.37688888889,120,40,40
38.693,7.90805,"Ethiopia","Tamssa",2015,"NPK+",3168.12698412698,120,40,40
38.69852,7.90345,"Ethiopia","Tamssa",2015,"Control",1355.74857142857,0,0,0
38.69852,7.90345,"Ethiopia","Tamssa",2015,"PK",1826.19047619048,0,40,40
38.69852,7.90345,"Ethiopia","Tamssa",2015,"NK",1349.33333333333,120,0,40
38.69852,7.90345,"Ethiopia","Tamssa",2015,"NP",2160.72667690732,120,40,0
38.69852,7.90345,"Ethiopia","Tamssa",2015,"NPK",2269.84126984127,120,40,40
38.69852,7.90345,"Ethiopia","Tamssa",2015,"NPK+",2478.38241758242,120,40,40
38.69888,7.90239,"Ethiopia","Tamssa",2015,"Control",2377.71428571429,0,0,0
38.69888,7.90239,"Ethiopia","Tamssa",2015,"PK",2374.15167548501,0,40,40
38.69888,7.90239,"Ethiopia","Tamssa",2015,"NK",1437.89104761905,120,0,40
38.69888,7.90239,"Ethiopia","Tamssa",2015,"NP",1271.64444444444,120,40,0
38.69888,7.90239,"Ethiopia","Tamssa",2015,"NPK",2098.77671957672,120,40,40
38.69888,7.90239,"Ethiopia","Tamssa",2015,"NPK+",2689.77777777778,120,40,40
38.69633,7.90181,"Ethiopia","Tamssa",2015,"Control",2973.91304347826,0,0,0
38.69633,7.90181,"Ethiopia","Tamssa",2015,"PK",2068.48,0,40,40
38.69633,7.90181,"Ethiopia","Tamssa",2015,"NK",2030.93333333333,120,0,40
38.69633,7.90181,"Ethiopia","Tamssa",2015,"NP",2998.34733893557,120,40,0
38.69633,7.90181,"Ethiopia","Tamssa",2015,"NPK",3193.27731092437,120,40,40
38.69633,7.90181,"Ethiopia","Tamssa",2015,"NPK+",3024.76911196911,120,40,40
38.69308,7.90242,"Ethiopia","Tamssa",2015,"Control",864.711111111111,0,0,0
38.69308,7.90242,"Ethiopia","Tamssa",2015,"PK",1393.38901098901,0,40,40
38.69308,7.90242,"Ethiopia","Tamssa",2015,"NK",1322.66666666667,120,0,40
38.69308,7.90242,"Ethiopia","Tamssa",2015,"NP",3206.18271604938,120,40,0
38.69308,7.90242,"Ethiopia","Tamssa",2015,"NPK",2376.03463203463,120,40,40
38.69308,7.90242,"Ethiopia","Tamssa",2015,"NPK+",3155.38095238095,120,40,40
38.69277,7.90115,"Ethiopia","Tamssa",2015,"Control",987.138321995465,0,0,0
38.69277,7.90115,"Ethiopia","Tamssa",2015,"PK",923.946666666667,0,40,40
38.69277,7.90115,"Ethiopia","Tamssa",2015,"NK",1914,120,0,40
38.69277,7.90115,"Ethiopia","Tamssa",2015,"NP",1843.67701863354,120,40,0
38.69277,7.90115,"Ethiopia","Tamssa",2015,"NPK",1531.87096774194,120,40,40
38.69277,7.90115,"Ethiopia","Tamssa",2015,"NPK+",2059.2,120,40,40
38.68998,7.91039,"Ethiopia","Tamssa",2015,"Control",1750.57641723356,0,0,0
38.68998,7.91039,"Ethiopia","Tamssa",2015,"PK",1411.41224489796,0,40,40
38.68998,7.91039,"Ethiopia","Tamssa",2015,"NK",769.503492063492,120,0,40
38.68998,7.91039,"Ethiopia","Tamssa",2015,"NP",2116.30476190476,120,40,0
38.68998,7.91039,"Ethiopia","Tamssa",2015,"NPK",1834.16785714286,120,40,40
38.68998,7.91039,"Ethiopia","Tamssa",2015,"NPK+",2438.07085714286,120,40,40
38.69359,7.90719,"Ethiopia","Tamssa",2015,"Control",1567.7247311828,0,0,0
38.69359,7.90719,"Ethiopia","Tamssa",2015,"PK",1662.18271604938,0,40,40
38.69359,7.90719,"Ethiopia","Tamssa",2015,"NK",1494.4784992785,120,0,40
38.69359,7.90719,"Ethiopia","Tamssa",2015,"NP",2176.35743680188,120,40,0
38.69359,7.90719,"Ethiopia","Tamssa",2015,"NPK",3089.8962962963,120,40,40
38.69359,7.90719,"Ethiopia","Tamssa",2015,"NPK+",3085.73772893773,120,40,40
NA,NA,"Ethiopia","Tamssa",2015,"Control",1864.42577030812,0,0,0
NA,NA,"Ethiopia","Tamssa",2015,"PK",1943.08390022676,0,40,40
NA,NA,"Ethiopia","Tamssa",2015,"NK",1695.27437641723,120,0,40
NA,NA,"Ethiopia","Tamssa",2015,"NP",1796.75580952381,120,40,0
NA,NA,"Ethiopia","Tamssa",2015,"NPK",171.343915343915,120,40,40
NA,NA,"Ethiopia","Tamssa",2015,"NPK+",2170.65498412698,120,40,40
NA,NA,"Ethiopia","Tamssa",2015,"Control",1099.47586206897,0,0,0
NA,NA,"Ethiopia","Tamssa",2015,"PK",1605.80740740741,0,40,40
NA,NA,"Ethiopia","Tamssa",2015,"NK",2112.87912087912,120,0,40
NA,NA,"Ethiopia","Tamssa",2015,"NP",2518.87407407407,120,40,0
NA,NA,"Ethiopia","Tamssa",2015,"NPK",2044.44444444444,120,40,40
NA,NA,"Ethiopia","Tamssa",2015,"NPK+",2229.91383219955,120,40,40
38.70481,7.88793,"Ethiopia","Tamssa",2015,"Control",2537.22857142857,0,0,0
38.70481,7.88793,"Ethiopia","Tamssa",2015,"PK",2537.74857142857,0,40,40
38.70481,7.88793,"Ethiopia","Tamssa",2015,"NK",5279.92380952381,120,0,40
38.70481,7.88793,"Ethiopia","Tamssa",2015,"NP",2698.01025641026,120,40,0
38.70481,7.88793,"Ethiopia","Tamssa",2015,"NPK",2100.80952380952,120,40,40
38.70481,7.88793,"Ethiopia","Tamssa",2015,"NPK+",2868.77922077922,120,40,40
NA,NA,"Ethiopia","Tamssa",2015,"Control",2725.46341463415,0,0,0
NA,NA,"Ethiopia","Tamssa",2015,"PK",3177.60932944606,0,40,40
NA,NA,"Ethiopia","Tamssa",2015,"NK",2027.22807017544,120,0,40
NA,NA,"Ethiopia","Tamssa",2015,"NP",5738.35294117647,120,40,0
NA,NA,"Ethiopia","Tamssa",2015,"NPK",4552.63625730994,120,40,40
NA,NA,"Ethiopia","Tamssa",2015,"NPK+",5442.76923076923,120,40,40
38.6896,7.89111,"Ethiopia","Tamssa",2015,"Control",246.4,0,0,0
38.6896,7.89111,"Ethiopia","Tamssa",2015,"PK",511.349206349206,0,40,40
38.6896,7.89111,"Ethiopia","Tamssa",2015,"NK",400.47619047619,120,0,40
38.6896,7.89111,"Ethiopia","Tamssa",2015,"NP",366.120634920635,120,40,0
38.6896,7.89111,"Ethiopia","Tamssa",2015,"NPK",245.57037037037,120,40,40
38.6896,7.89111,"Ethiopia","Tamssa",2015,"NPK+",174.951803751804,120,40,40
38.62833,7.71509,"Ethiopia","Tamssa",2015,"Control",680.758377425044,0,0,0
38.62833,7.71509,"Ethiopia","Tamssa",2015,"PK",1436.38260869565,0,40,40
38.62833,7.71509,"Ethiopia","Tamssa",2015,"NK",657.35817805383,120,0,40
38.62833,7.71509,"Ethiopia","Tamssa",2015,"NP",1096.7873015873,120,40,0
38.62833,7.71509,"Ethiopia","Tamssa",2015,"NPK",930.607407407407,120,40,40
38.62833,7.71509,"Ethiopia","Tamssa",2015,"NPK+",1162.56392496393,120,40,40
38.62963,7.71522,"Ethiopia","Tamssa",2015,"Control",1263.59663865546,0,0,0
38.62963,7.71522,"Ethiopia","Tamssa",2015,"PK",1515.99322751323,0,40,40
38.62963,7.71522,"Ethiopia","Tamssa",2015,"NK",905.442176870748,120,0,40
38.62963,7.71522,"Ethiopia","Tamssa",2015,"NP",826.201058201058,120,40,0
38.62963,7.71522,"Ethiopia","Tamssa",2015,"NPK",3211.01298701299,120,40,40
38.62963,7.71522,"Ethiopia","Tamssa",2015,"NPK+",486.571428571429,120,40,40
38.63026,7.01568,"Ethiopia","Tamssa",2015,"Control",631.714285714286,0,0,0
38.63026,7.01568,"Ethiopia","Tamssa",2015,"PK",993.777777777778,0,40,40
38.63026,7.01568,"Ethiopia","Tamssa",2015,"NK",1100.08888888889,120,0,40
38.63026,7.01568,"Ethiopia","Tamssa",2015,"NP",1365.57575757576,120,40,0
38.63026,7.01568,"Ethiopia","Tamssa",2015,"NPK",1375.0303030303,120,40,40
38.63026,7.01568,"Ethiopia","Tamssa",2015,"NPK+",1691.06285714286,120,40,40
38.6341,7.71797,"Ethiopia","Tamssa",2015,"Control",1056.02666666667,0,0,0
38.6341,7.71797,"Ethiopia","Tamssa",2015,"PK",2294.50549450549,0,40,40
38.6341,7.71797,"Ethiopia","Tamssa",2015,"NK",504.671201814059,120,0,40
38.6341,7.71797,"Ethiopia","Tamssa",2015,"NP",2370.7619047619,120,40,0
38.6341,7.71797,"Ethiopia","Tamssa",2015,"NPK",1920.63492063492,120,40,40
38.6341,7.71797,"Ethiopia","Tamssa",2015,"NPK+",1994.17523809524,120,40,40
38.63108,7.71754,"Ethiopia","Tamssa",2015,"Control",2455.90222222222,0,0,0
38.63108,7.71754,"Ethiopia","Tamssa",2015,"PK",2035.22,0,40,40
38.63108,7.71754,"Ethiopia","Tamssa",2015,"NK",2004.93796653797,120,0,40
38.63108,7.71754,"Ethiopia","Tamssa",2015,"NP",2568.56380952381,120,40,0
38.63108,7.71754,"Ethiopia","Tamssa",2015,"NPK",3862.4,120,40,40
38.63108,7.71754,"Ethiopia","Tamssa",2015,"NPK+",2706.55632183908,120,40,40
38.62789,7.72239,"Ethiopia","Tamssa",2015,"Control",1405.8315018315,0,0,0
38.62789,7.72239,"Ethiopia","Tamssa",2015,"PK",1339.07359307359,0,40,40
38.62789,7.72239,"Ethiopia","Tamssa",2015,"NK",1191.61904761905,120,0,40
38.62789,7.72239,"Ethiopia","Tamssa",2015,"NP",1770.73439153439,120,40,0
38.62789,7.72239,"Ethiopia","Tamssa",2015,"NPK",1688.08421052632,120,40,40
38.62789,7.72239,"Ethiopia","Tamssa",2015,"NPK+",2125.22123700055,120,40,40
7.73044,37.28692,"Ethiopia","Tamssa",2016,"Control",117.219047619047,0,0,0
7.73044,37.28692,"Ethiopia","Tamssa",2016,"PK",83.1085714285714,0,40,40
7.73044,37.28692,"Ethiopia","Tamssa",2016,"NK",2099.26251526251,120,0,40
7.73044,37.28692,"Ethiopia","Tamssa",2016,"NP",4996.02285714286,120,40,0
7.73044,37.28692,"Ethiopia","Tamssa",2016,"NPK",5190.25262687235,120,40,40
7.73044,37.28692,"Ethiopia","Tamssa",2016,"NPK+",6958.60881834215,120,40,40
7.745921,37.357868,"Ethiopia","Tamssa",2016,"Control",1397.33333333333,0,0,0
7.745921,37.357868,"Ethiopia","Tamssa",2016,"PK",1008.99047619048,0,40,40
7.745921,37.357868,"Ethiopia","Tamssa",2016,"NK",6161.08212560387,120,0,40
7.745921,37.357868,"Ethiopia","Tamssa",2016,"NP",7175.05943152455,120,40,0
7.745921,37.357868,"Ethiopia","Tamssa",2016,"NPK",6864.22222222222,120,40,40
7.745921,37.357868,"Ethiopia","Tamssa",2016,"NPK+",5143.04761904762,120,40,40
7.755404,37.342215,"Ethiopia","Tamssa",2016,"Control",667.2,0,0,0
7.755404,37.342215,"Ethiopia","Tamssa",2016,"PK",1431.23809523809,0,40,40
7.755404,37.342215,"Ethiopia","Tamssa",2016,"NK",3793.1974413646,120,0,40
7.755404,37.342215,"Ethiopia","Tamssa",2016,"NP",4612.79023199023,120,40,0
7.755404,37.342215,"Ethiopia","Tamssa",2016,"NPK",3630.90285714286,120,40,40
7.755404,37.342215,"Ethiopia","Tamssa",2016,"NPK+",6133.37523809524,120,40,40
7.73156,37.30468,"Ethiopia","Tamssa",2016,"Control",2413.25051759834,0,0,0
7.73156,37.30468,"Ethiopia","Tamssa",2016,"PK",1707.49090909091,0,40,40
7.73156,37.30468,"Ethiopia","Tamssa",2016,"NK",7280.49523809524,120,0,40
7.73156,37.30468,"Ethiopia","Tamssa",2016,"NP",7560.54141414141,120,40,0
7.73156,37.30468,"Ethiopia","Tamssa",2016,"NPK",9436.77519379845,120,40,40
7.73156,37.30468,"Ethiopia","Tamssa",2016,"NPK+",6763.18628571429,120,40,40
7.729643,37.265727,"Ethiopia","Tamssa",2016,"Control",3485.08717948718,0,0,0
7.729643,37.265727,"Ethiopia","Tamssa",2016,"PK",3841.54126984127,0,40,40
7.729643,37.265727,"Ethiopia","Tamssa",2016,"NK",7550.60486772487,120,0,40
7.729643,37.265727,"Ethiopia","Tamssa",2016,"NP",10455.7823129252,120,40,0
7.729643,37.265727,"Ethiopia","Tamssa",2016,"NPK",7742.61742160279,120,40,40
7.729643,37.265727,"Ethiopia","Tamssa",2016,"NPK+",9181.57385620915,120,40,40
7.852933,37.22532,"Ethiopia","Tamssa",2016,"Control",1813.26516290727,0,0,0
7.852933,37.22532,"Ethiopia","Tamssa",2016,"PK",10970.2941798942,0,40,40
7.852933,37.22532,"Ethiopia","Tamssa",2016,"NK",10324.3353874883,120,0,40
7.852933,37.22532,"Ethiopia","Tamssa",2016,"NP",7974.4,120,40,0
7.852933,37.22532,"Ethiopia","Tamssa",2016,"NPK",8495.30412698413,120,40,40
7.852933,37.22532,"Ethiopia","Tamssa",2016,"NPK+",6576.54243785564,120,40,40
7.719048,37.225796,"Ethiopia","Tamssa",2016,"Control",1884.35064935065,0,0,0
7.719048,37.225796,"Ethiopia","Tamssa",2016,"PK",3586.2,0,40,40
7.719048,37.225796,"Ethiopia","Tamssa",2016,"NK",6972.74666666667,120,0,40
7.719048,37.225796,"Ethiopia","Tamssa",2016,"NP",10420.3436041083,120,40,0
7.719048,37.225796,"Ethiopia","Tamssa",2016,"NPK",7990.46772486772,120,40,40
7.719048,37.225796,"Ethiopia","Tamssa",2016,"NPK+",7426.39892904953,120,40,40
7.73851,37.22357,"Ethiopia","Tamssa",2016,"Control",706.014814814815,0,0,0
7.73851,37.22357,"Ethiopia","Tamssa",2016,"PK",492.153968253968,0,40,40
7.73851,37.22357,"Ethiopia","Tamssa",2016,"NK",4246.75485008818,120,0,40
7.73851,37.22357,"Ethiopia","Tamssa",2016,"NP",6561.07640791477,120,40,0
7.73851,37.22357,"Ethiopia","Tamssa",2016,"NPK",7111.31605758583,120,40,40
7.73851,37.22357,"Ethiopia","Tamssa",2016,"NPK+",7522.76520634921,120,40,40
7.71668,37.01987,"Ethiopia","Tamssa",2016,"Control",170.057142857143,0,0,0
7.71668,37.01987,"Ethiopia","Tamssa",2016,"PK",296.634920634921,0,40,40
7.71668,37.01987,"Ethiopia","Tamssa",2016,"NK",4956.04938271605,120,0,40
7.71668,37.01987,"Ethiopia","Tamssa",2016,"NP",6673.89499389499,120,40,0
7.71668,37.01987,"Ethiopia","Tamssa",2016,"NPK",6435.5027027027,120,40,40
7.71668,37.01987,"Ethiopia","Tamssa",2016,"NPK+",8276.02051282051,120,40,40
7.71781,37.216842,"Ethiopia","Tamssa",2016,"Control",4549.82638204707,0,0,0
7.71781,37.216842,"Ethiopia","Tamssa",2016,"PK",5908.44444444445,0,40,40
7.71781,37.216842,"Ethiopia","Tamssa",2016,"NK",6373.03073286052,120,0,40
7.71781,37.216842,"Ethiopia","Tamssa",2016,"NP",6872.84705882353,120,40,0
7.71781,37.216842,"Ethiopia","Tamssa",2016,"NPK",5070.85714285714,120,40,40
7.71781,37.216842,"Ethiopia","Tamssa",2016,"NPK+",6817.98941798942,120,40,40
7.831104,37.230684,"Ethiopia","Tamssa",2016,"Control",954.507936507936,0,0,0
7.831104,37.230684,"Ethiopia","Tamssa",2016,"PK",4082.33846153846,0,40,40
7.831104,37.230684,"Ethiopia","Tamssa",2016,"NK",6568.76018876019,120,0,40
7.831104,37.230684,"Ethiopia","Tamssa",2016,"NP",6400.59534883721,120,40,0
7.831104,37.230684,"Ethiopia","Tamssa",2016,"NPK",6524.73469387755,120,40,40
7.831104,37.230684,"Ethiopia","Tamssa",2016,"NPK+",9166.0350877193,120,40,40
7.829932,37.233714,"Ethiopia","Tamssa",2016,"Control",2332.16326530612,0,0,0
7.829932,37.233714,"Ethiopia","Tamssa",2016,"PK",4477.15555555556,0,40,40
7.829932,37.233714,"Ethiopia","Tamssa",2016,"NK",8754.27878787879,120,0,40
7.829932,37.233714,"Ethiopia","Tamssa",2016,"NP",9335.50387596899,120,40,0
7.829932,37.233714,"Ethiopia","Tamssa",2016,"NPK",8711.77639751553,120,40,40
7.829932,37.233714,"Ethiopia","Tamssa",2016,"NPK+",6361.26713947991,120,40,40
7.832753,37.235257,"Ethiopia","Tamssa",2016,"Control",627.374149659864,0,0,0
7.832753,37.235257,"Ethiopia","Tamssa",2016,"PK",4239.84,0,40,40
7.832753,37.235257,"Ethiopia","Tamssa",2016,"NK",9248.0380952381,120,0,40
7.832753,37.235257,"Ethiopia","Tamssa",2016,"NP",9585.89387755102,120,40,0
7.832753,37.235257,"Ethiopia","Tamssa",2016,"NPK",10273.8074074074,120,40,40
7.832753,37.235257,"Ethiopia","Tamssa",2016,"NPK+",7949.93197278911,120,40,40
7.852933,37.22532,"Ethiopia","Tamssa",2016,"Control",761.456084656085,0,0,0
7.852933,37.22532,"Ethiopia","Tamssa",2016,"PK",864.457142857143,0,40,40
7.852933,37.22532,"Ethiopia","Tamssa",2016,"NK",4063.76662376662,120,0,40
7.852933,37.22532,"Ethiopia","Tamssa",2016,"NP",5662.4362369338,120,40,0
7.852933,37.22532,"Ethiopia","Tamssa",2016,"NPK",7319.82857142857,120,40,40
7.852933,37.22532,"Ethiopia","Tamssa",2016,"NPK+",5578.44324324324,120,40,40
7.71788,37.0164,"Ethiopia","Tamssa",2016,"Control",733.460317460318,0,0,0
7.71788,37.0164,"Ethiopia","Tamssa",2016,"PK",416.059259259259,0,40,40
7.71788,37.0164,"Ethiopia","Tamssa",2016,"NK",5470.4,120,0,40
7.71788,37.0164,"Ethiopia","Tamssa",2016,"NP",9049.18892580288,120,40,0
7.71788,37.0164,"Ethiopia","Tamssa",2016,"NPK",9121.28253968254,120,40,40
7.71788,37.0164,"Ethiopia","Tamssa",2016,"NPK+",6342.88888888889,120,40,40
7.720747,37.018247,"Ethiopia","Tamssa",2016,"Control",4910.90101010101,0,0,0
7.720747,37.018247,"Ethiopia","Tamssa",2016,"PK",5314.09150326797,0,40,40
7.720747,37.018247,"Ethiopia","Tamssa",2016,"NK",8258.62360248447,120,0,40
7.720747,37.018247,"Ethiopia","Tamssa",2016,"NP",6924.02322880372,120,40,0
7.720747,37.018247,"Ethiopia","Tamssa",2016,"NPK",6112.62277432712,120,40,40
7.720747,37.018247,"Ethiopia","Tamssa",2016,"NPK+",8392.7522297808,120,40,40
7.683454,36.973861,"Ethiopia","Tamssa",2016,"Control",4842.93333333333,0,0,0
7.683454,36.973861,"Ethiopia","Tamssa",2016,"PK",6997.33333333333,0,40,40
7.683454,36.973861,"Ethiopia","Tamssa",2016,"NK",7158.79603960396,120,0,40
7.683454,36.973861,"Ethiopia","Tamssa",2016,"NP",8451.05925925926,120,40,0
7.683454,36.973861,"Ethiopia","Tamssa",2016,"NPK",7580.57142857143,120,40,40
7.683454,36.973861,"Ethiopia","Tamssa",2016,"NPK+",7742.62127659574,120,40,40
7.72944,36.94875,"Ethiopia","Tamssa",2016,"Control",387.352380952381,0,0,0
7.72944,36.94875,"Ethiopia","Tamssa",2016,"PK",1015.37959183673,0,40,40
7.72944,36.94875,"Ethiopia","Tamssa",2016,"NK",3583.56962676963,120,0,40
7.72944,36.94875,"Ethiopia","Tamssa",2016,"NP",7312.64,120,40,0
7.72944,36.94875,"Ethiopia","Tamssa",2016,"NPK",7532.45388245388,120,40,40
7.72944,36.94875,"Ethiopia","Tamssa",2016,"NPK+",5864.4705882353,120,40,40
7.684783,36.979008,"Ethiopia","Tamssa",2016,"Control",2698.71987906274,0,0,0
7.684783,36.979008,"Ethiopia","Tamssa",2016,"PK",2985.00273672687,0,40,40
7.684783,36.979008,"Ethiopia","Tamssa",2016,"NK",4049.73099415205,120,0,40
7.684783,36.979008,"Ethiopia","Tamssa",2016,"NP",6344.1853427896,120,40,0
7.684783,36.979008,"Ethiopia","Tamssa",2016,"NPK",8334.85714285714,120,40,40
7.684783,36.979008,"Ethiopia","Tamssa",2016,"NPK+",9927.76788482835,120,40,40
7.706719,37.029529,"Ethiopia","Tamssa",2016,"Control",2699.94666666667,0,0,0
7.706719,37.029529,"Ethiopia","Tamssa",2016,"PK",4688.25396825397,0,40,40
7.706719,37.029529,"Ethiopia","Tamssa",2016,"NK",7878.30204081633,120,0,40
7.706719,37.029529,"Ethiopia","Tamssa",2016,"NP",8756.68571428572,120,40,0
7.706719,37.029529,"Ethiopia","Tamssa",2016,"NPK",9425.37566137566,120,40,40
7.706719,37.029529,"Ethiopia","Tamssa",2016,"NPK+",7393.69795918367,120,40,40
9.0745745,36.9653549,"Ethiopia","Tamssa",2016,"Control",3082.18775510204,0,0,0
9.0745745,36.9653549,"Ethiopia","Tamssa",2016,"PK",2581.94057142857,0,40,40
9.0745745,36.9653549,"Ethiopia","Tamssa",2016,"NK",6339.34432653061,120,0,40
9.0745745,36.9653549,"Ethiopia","Tamssa",2016,"NP",7806.4692244898,120,40,0
9.0745745,36.9653549,"Ethiopia","Tamssa",2016,"NPK",8549.01551020408,120,40,40
9.0745745,36.9653549,"Ethiopia","Tamssa",2016,"NPK+",8962.67755102041,120,40,40
9.124464,37.016755,"Ethiopia","Tamssa",2016,"Control",5577.26106122449,0,0,0
9.124464,37.016755,"Ethiopia","Tamssa",2016,"PK",5172.31836734694,0,40,40
9.124464,37.016755,"Ethiopia","Tamssa",2016,"NK",7518.12244897959,120,0,40
9.124464,37.016755,"Ethiopia","Tamssa",2016,"NP",9464.66155102041,120,40,0
9.124464,37.016755,"Ethiopia","Tamssa",2016,"NPK",8309.07918367347,120,40,40
9.124464,37.016755,"Ethiopia","Tamssa",2016,"NPK+",14945.604244898,120,40,40
9.14912,37.04398,"Ethiopia","Tamssa",2016,"Control",2191.95918367347,0,0,0
9.14912,37.04398,"Ethiopia","Tamssa",2016,"PK",9577.41795918367,0,40,40
9.14912,37.04398,"Ethiopia","Tamssa",2016,"NK",17474.5102040816,120,0,40
9.14912,37.04398,"Ethiopia","Tamssa",2016,"NP",15681.8424489796,120,40,0
9.14912,37.04398,"Ethiopia","Tamssa",2016,"NPK",18315.5657142857,120,40,40
9.14912,37.04398,"Ethiopia","Tamssa",2016,"NPK+",16819.1706122449,120,40,40
9.08881,37.14396,"Ethiopia","Tamssa",2016,"Control",3421.44,0,0,0
9.08881,37.14396,"Ethiopia","Tamssa",2016,"PK",3025.23428571429,0,40,40
9.08881,37.14396,"Ethiopia","Tamssa",2016,"NK",6559.34693877551,120,0,40
9.08881,37.14396,"Ethiopia","Tamssa",2016,"NP",7574.98775510204,120,40,0
9.08881,37.14396,"Ethiopia","Tamssa",2016,"NPK",9109.02857142857,120,40,40
9.08881,37.14396,"Ethiopia","Tamssa",2016,"NPK+",7980.38889795918,120,40,40
9.09123,37.1584,"Ethiopia","Tamssa",2016,"Control",3051.29534693878,0,0,0
9.09123,37.1584,"Ethiopia","Tamssa",2016,"PK",2848.87248979592,0,40,40
9.09123,37.1584,"Ethiopia","Tamssa",2016,"NK",6628.608,120,0,40
9.09123,37.1584,"Ethiopia","Tamssa",2016,"NP",7604.90155102041,120,40,0
9.09123,37.1584,"Ethiopia","Tamssa",2016,"NPK",7711.57028571429,120,40,40
9.09123,37.1584,"Ethiopia","Tamssa",2016,"NPK+",7291.48995918367,120,40,40
9.08208,37.15074,"Ethiopia","Tamssa",2016,"Control",2190.86595918367,0,0,0
9.08208,37.15074,"Ethiopia","Tamssa",2016,"PK",1377.11020408163,0,40,40
9.08208,37.15074,"Ethiopia","Tamssa",2016,"NK",6636.04897959184,120,0,40
9.08208,37.15074,"Ethiopia","Tamssa",2016,"NP",8835.40506122449,120,40,0
9.08208,37.15074,"Ethiopia","Tamssa",2016,"NPK",7758.23510204082,120,40,40
9.08208,37.15074,"Ethiopia","Tamssa",2016,"NPK+",5920.48065306122,120,40,40
9.08768,37.13443,"Ethiopia","Tamssa",2016,"Control",2670.4212244898,0,0,0
9.08768,37.13443,"Ethiopia","Tamssa",2016,"PK",3431.4906122449,0,40,40
9.08768,37.13443,"Ethiopia","Tamssa",2016,"NK",5425.74367346939,120,0,40
9.08768,37.13443,"Ethiopia","Tamssa",2016,"NP",6621.59020408163,120,40,0
9.08768,37.13443,"Ethiopia","Tamssa",2016,"NPK",6198.58285714286,120,40,40
9.08768,37.13443,"Ethiopia","Tamssa",2016,"NPK+",6236.36963265306,120,40,40
9.024147,37.0121727,"Ethiopia","Tamssa",2016,"Control",1746.79640816327,0,0,0
9.024147,37.0121727,"Ethiopia","Tamssa",2016,"PK",3364.66285714286,0,40,40
9.024147,37.0121727,"Ethiopia","Tamssa",2016,"NK",6595.44979591837,120,0,40
9.024147,37.0121727,"Ethiopia","Tamssa",2016,"NP",7952.63510204082,120,40,0
9.024147,37.0121727,"Ethiopia","Tamssa",2016,"NPK",8514.67591836735,120,40,40
9.024147,37.0121727,"Ethiopia","Tamssa",2016,"NPK+",9032.1413877551,120,40,40
9.025531,37.252363,"Ethiopia","Tamssa",2016,"Control",2853.02497959184,0,0,0
9.025531,37.252363,"Ethiopia","Tamssa",2016,"PK",3353.94220408163,0,40,40
9.025531,37.252363,"Ethiopia","Tamssa",2016,"NK",8877.81159183674,120,0,40
9.025531,37.252363,"Ethiopia","Tamssa",2016,"NP",8548.04571428571,120,40,0
9.025531,37.252363,"Ethiopia","Tamssa",2016,"NPK",9948.48391836735,120,40,40
9.025531,37.252363,"Ethiopia","Tamssa",2016,"NPK+",9488.09534693878,120,40,40
9.020957,37.235469,"Ethiopia","Tamssa",2016,"Control",2461.536,0,0,0
9.020957,37.235469,"Ethiopia","Tamssa",2016,"PK",2833.21469387755,0,40,40
9.020957,37.235469,"Ethiopia","Tamssa",2016,"NK",6370.69518367347,120,0,40
9.020957,37.235469,"Ethiopia","Tamssa",2016,"NP",6750.6612244898,120,40,0
9.020957,37.235469,"Ethiopia","Tamssa",2016,"NPK",7316.42253061225,120,40,40
9.020957,37.235469,"Ethiopia","Tamssa",2016,"NPK+",7569.90955102041,120,40,40
9.051743,37.168224,"Ethiopia","Tamssa",2016,"Control",3769.72016326531,0,0,0
9.051743,37.168224,"Ethiopia","Tamssa",2016,"PK",4570.38367346939,0,40,40
9.051743,37.168224,"Ethiopia","Tamssa",2016,"NK",3838.80489795918,120,0,40
9.051743,37.168224,"Ethiopia","Tamssa",2016,"NP",5165.08897959184,120,40,0
9.051743,37.168224,"Ethiopia","Tamssa",2016,"NPK",4944.60146938776,120,40,40
9.051743,37.168224,"Ethiopia","Tamssa",2016,"NPK+",6013.44,120,40,40
9.047807,37.191478,"Ethiopia","Tamssa",2016,"Control",1478.03069387755,0,0,0
9.047807,37.191478,"Ethiopia","Tamssa",2016,"PK",1634.3706122449,0,40,40
9.047807,37.191478,"Ethiopia","Tamssa",2016,"NK",3468.96,120,0,40
9.047807,37.191478,"Ethiopia","Tamssa",2016,"NP",2309.46318367347,120,40,0
9.047807,37.191478,"Ethiopia","Tamssa",2016,"NPK",4551.62253061225,120,40,40
9.047807,37.191478,"Ethiopia","Tamssa",2016,"NPK+",4249.82204081633,120,40,40
9.0820417,37.089283,"Ethiopia","Tamssa",2016,"Control",3461.98628571429,0,0,0
9.0820417,37.089283,"Ethiopia","Tamssa",2016,"PK",4960.90285714286,0,40,40
9.0820417,37.089283,"Ethiopia","Tamssa",2016,"NK",6865.44979591837,120,0,40
9.0820417,37.089283,"Ethiopia","Tamssa",2016,"NP",6161.37795918367,120,40,0
9.0820417,37.089283,"Ethiopia","Tamssa",2016,"NPK",4376.03657142857,120,40,40
9.0820417,37.089283,"Ethiopia","Tamssa",2016,"NPK+",5740.90971428571,120,40,40
9.0973549,37.0751266,"Ethiopia","Tamssa",2016,"Control",1865.67575510204,0,0,0
9.0973549,37.0751266,"Ethiopia","Tamssa",2016,"PK",1866.16065306122,0,40,40
9.0973549,37.0751266,"Ethiopia","Tamssa",2016,"NK",5607.06024489796,120,0,40
9.0973549,37.0751266,"Ethiopia","Tamssa",2016,"NP",4553.45632653061,120,40,0
9.0973549,37.0751266,"Ethiopia","Tamssa",2016,"NPK",4307.97453061224,120,40,40
9.0973549,37.0751266,"Ethiopia","Tamssa",2016,"NPK+",5085.2747755102,120,40,40
38.380629,7.038719,"Ethiopia","Tamssa",2016,"Control",6141.53287981859,0,0,0
38.380629,7.038719,"Ethiopia","Tamssa",2016,"PK",4953.50597771023,0,40,40
38.380629,7.038719,"Ethiopia","Tamssa",2016,"NK",7372.19047619048,120,0,40
38.380629,7.038719,"Ethiopia","Tamssa",2016,"NP",7288.25396825397,120,40,0
38.380629,7.038719,"Ethiopia","Tamssa",2016,"NPK",6972.87111111111,120,40,40
38.380629,7.038719,"Ethiopia","Tamssa",2016,"NPK+",7417.67960199005,120,40,40
38.380585,7.039703,"Ethiopia","Tamssa",2016,"Control",4659.68513119534,0,0,0
38.380585,7.039703,"Ethiopia","Tamssa",2016,"PK",5098.92089407191,0,40,40
38.380585,7.039703,"Ethiopia","Tamssa",2016,"NK",6321.34798534798,120,0,40
38.380585,7.039703,"Ethiopia","Tamssa",2016,"NP",7330.26692759295,120,40,0
38.380585,7.039703,"Ethiopia","Tamssa",2016,"NPK",8970.46208112875,120,40,40
38.380585,7.039703,"Ethiopia","Tamssa",2016,"NPK+",7533.71428571429,120,40,40
38.380058,7.040559,"Ethiopia","Tamssa",2016,"Control",3595.69892473118,0,0,0
38.380058,7.040559,"Ethiopia","Tamssa",2016,"PK",6110.18867924528,0,40,40
38.380058,7.040559,"Ethiopia","Tamssa",2016,"NK",4935.51587301587,120,0,40
38.380058,7.040559,"Ethiopia","Tamssa",2016,"NP",8050.49040511727,120,40,0
38.380058,7.040559,"Ethiopia","Tamssa",2016,"NPK",8226.26757369614,120,40,40
38.380058,7.040559,"Ethiopia","Tamssa",2016,"NPK+",7824.71210706505,120,40,40
38.386126,7.050768,"Ethiopia","Tamssa",2016,"Control",5838.62349206349,0,0,0
38.386126,7.050768,"Ethiopia","Tamssa",2016,"PK",6821.85620915033,0,40,40
38.386126,7.050768,"Ethiopia","Tamssa",2016,"NK",8741.75921855922,120,0,40
38.386126,7.050768,"Ethiopia","Tamssa",2016,"NP",7353.60983102919,120,40,0
38.386126,7.050768,"Ethiopia","Tamssa",2016,"NPK",8543.46222222222,120,40,40
38.386126,7.050768,"Ethiopia","Tamssa",2016,"NPK+",7438.955453149,120,40,40
38.385471,7.053699,"Ethiopia","Tamssa",2016,"Control",7822.76114285714,0,0,0
38.385471,7.053699,"Ethiopia","Tamssa",2016,"PK",8284.60854700855,0,40,40
38.385471,7.053699,"Ethiopia","Tamssa",2016,"NK",8584.51929824561,120,0,40
38.385471,7.053699,"Ethiopia","Tamssa",2016,"NP",9314.58937198068,120,40,0
38.385471,7.053699,"Ethiopia","Tamssa",2016,"NPK",8587.94666666667,120,40,40
38.385471,7.053699,"Ethiopia","Tamssa",2016,"NPK+",8464.26914038343,120,40,40
38.389472,7.05991,"Ethiopia","Tamssa",2016,"Control",4385.33333333333,0,0,0
38.389472,7.05991,"Ethiopia","Tamssa",2016,"PK",3674.10714285714,0,40,40
38.389472,7.05991,"Ethiopia","Tamssa",2016,"NK",5207.14285714286,120,0,40
38.389472,7.05991,"Ethiopia","Tamssa",2016,"NP",6506.69642857143,120,40,0
38.389472,7.05991,"Ethiopia","Tamssa",2016,"NPK",7120.78991596639,120,40,40
38.389472,7.05991,"Ethiopia","Tamssa",2016,"NPK+",6617.07602339181,120,40,40
38.390645,7.054269,"Ethiopia","Tamssa",2016,"Control",7878.38383838384,0,0,0
38.390645,7.054269,"Ethiopia","Tamssa",2016,"PK",6982.88536155203,0,40,40
38.390645,7.054269,"Ethiopia","Tamssa",2016,"NK",9508.57142857143,120,0,40
38.390645,7.054269,"Ethiopia","Tamssa",2016,"NP",8077.4358974359,120,40,0
38.390645,7.054269,"Ethiopia","Tamssa",2016,"NPK",7209.42695722357,120,40,40
38.390645,7.054269,"Ethiopia","Tamssa",2016,"NPK+",7284.9433106576,120,40,40
38.381701,7.093489,"Ethiopia","Tamssa",2016,"Control",3455.05418719212,0,0,0
38.381701,7.093489,"Ethiopia","Tamssa",2016,"PK",4681.55911730546,0,40,40
38.381701,7.093489,"Ethiopia","Tamssa",2016,"NK",4133.5873015873,120,0,40
38.381701,7.093489,"Ethiopia","Tamssa",2016,"NP",3118.39879062736,120,40,0
38.381701,7.093489,"Ethiopia","Tamssa",2016,"NPK",3875.05467372134,120,40,40
38.381701,7.093489,"Ethiopia","Tamssa",2016,"NPK+",2051.69009009009,120,40,40
38.384263,7.098919,"Ethiopia","Tamssa",2016,"Control",2664.83245149912,0,0,0
38.384263,7.098919,"Ethiopia","Tamssa",2016,"PK",3410.92810457516,0,40,40
38.384263,7.098919,"Ethiopia","Tamssa",2016,"NK",3471.98024691358,120,0,40
38.384263,7.098919,"Ethiopia","Tamssa",2016,"NP",4810.30894308943,120,40,0
38.384263,7.098919,"Ethiopia","Tamssa",2016,"NPK",5390.92330827068,120,40,40
38.384263,7.098919,"Ethiopia","Tamssa",2016,"NPK+",3676.79925303455,120,40,40
38.382709,7.090163,"Ethiopia","Tamssa",2016,"Control",1736.22857142857,0,0,0
38.382709,7.090163,"Ethiopia","Tamssa",2016,"PK",1961.87826086957,0,40,40
38.382709,7.090163,"Ethiopia","Tamssa",2016,"NK",2259.12643678161,120,0,40
38.382709,7.090163,"Ethiopia","Tamssa",2016,"NP",2427.1816091954,120,40,0
38.382709,7.090163,"Ethiopia","Tamssa",2016,"NPK",3023.93766233766,120,40,40
38.382709,7.090163,"Ethiopia","Tamssa",2016,"NPK+",2905.97222222222,120,40,40
38.385061,7.088581,"Ethiopia","Tamssa",2016,"Control",1475.13227513228,0,0,0
38.385061,7.088581,"Ethiopia","Tamssa",2016,"PK",1997.33227513227,0,40,40
38.385061,7.088581,"Ethiopia","Tamssa",2016,"NK",3106.04926108374,120,0,40
38.385061,7.088581,"Ethiopia","Tamssa",2016,"NP",1638.44837490552,120,40,0
38.385061,7.088581,"Ethiopia","Tamssa",2016,"NPK",2396.96507936508,120,40,40
38.385061,7.088581,"Ethiopia","Tamssa",2016,"NPK+",3329.03225806452,120,40,40
38.389296,7.086571,"Ethiopia","Tamssa",2016,"Control",2370.33362193362,0,0,0
38.389296,7.086571,"Ethiopia","Tamssa",2016,"PK",2212.08465608466,0,40,40
38.389296,7.086571,"Ethiopia","Tamssa",2016,"NK",3096.51746031746,120,0,40
38.389296,7.086571,"Ethiopia","Tamssa",2016,"NP",3359.82857142857,120,40,0
38.389296,7.086571,"Ethiopia","Tamssa",2016,"NPK",2820.89523809524,120,40,40
38.389296,7.086571,"Ethiopia","Tamssa",2016,"NPK+",3774.16825396825,120,40,40
38.378353,7.107671,"Ethiopia","Tamssa",2016,"Control",1669.97518037518,0,0,0
38.378353,7.107671,"Ethiopia","Tamssa",2016,"PK",1365.83333333333,0,40,40
38.378353,7.107671,"Ethiopia","Tamssa",2016,"NK",2700.98231292517,120,0,40
38.378353,7.107671,"Ethiopia","Tamssa",2016,"NP",2950.79365079365,120,40,0
38.378353,7.107671,"Ethiopia","Tamssa",2016,"NPK",2877.76,120,40,40
38.378353,7.107671,"Ethiopia","Tamssa",2016,"NPK+",3677.11278195489,120,40,40
38.387455,7.087564,"Ethiopia","Tamssa",2016,"Control",2361.20816326531,0,0,0
38.387455,7.087564,"Ethiopia","Tamssa",2016,"PK",2773.79047619048,0,40,40
38.387455,7.087564,"Ethiopia","Tamssa",2016,"NK",3212.42352941176,120,0,40
38.387455,7.087564,"Ethiopia","Tamssa",2016,"NP",2351.40317460317,120,40,0
38.387455,7.087564,"Ethiopia","Tamssa",2016,"NPK",2888.11764705882,120,40,40
38.387455,7.087564,"Ethiopia","Tamssa",2016,"NPK+",2258.10793650794,120,40,40
38.385896,7.087219,"Ethiopia","Tamssa",2016,"Control",2442.21477832512,0,0,0
38.385896,7.087219,"Ethiopia","Tamssa",2016,"PK",2797.7519106408,0,40,40
38.385896,7.087219,"Ethiopia","Tamssa",2016,"NK",2600.67432950192,120,0,40
38.385896,7.087219,"Ethiopia","Tamssa",2016,"NP",2585.31687242798,120,40,0
38.385896,7.087219,"Ethiopia","Tamssa",2016,"NPK",2442.6420890937,120,40,40
38.385896,7.087219,"Ethiopia","Tamssa",2016,"NPK+",1308.73846153846,120,40,40
38.693,7.90805,"Ethiopia","Tamssa",2016,"Control",3368.2962962963,0,0,0
38.693,7.90805,"Ethiopia","Tamssa",2016,"PK",2208.66206896552,0,40,40
38.693,7.90805,"Ethiopia","Tamssa",2016,"NK",3539.00811287478,120,0,40
38.693,7.90805,"Ethiopia","Tamssa",2016,"NP",6806.19307832423,120,40,0
38.693,7.90805,"Ethiopia","Tamssa",2016,"NPK",5738.78489326765,120,40,40
38.693,7.90805,"Ethiopia","Tamssa",2016,"NPK+",7359.42857142857,120,40,40
38.69852,7.90345,"Ethiopia","Tamssa",2016,"Control",2440.90434782609,0,0,0
38.69852,7.90345,"Ethiopia","Tamssa",2016,"PK",2740.11428571429,0,40,40
38.69852,7.90345,"Ethiopia","Tamssa",2016,"NK",4746.68888888889,120,0,40
38.69852,7.90345,"Ethiopia","Tamssa",2016,"NP",4811.8245472837,120,40,0
38.69852,7.90345,"Ethiopia","Tamssa",2016,"NPK",7230.92731829574,120,40,40
38.69852,7.90345,"Ethiopia","Tamssa",2016,"NPK+",7854.42622950819,120,40,40
38.69888,7.90239,"Ethiopia","Tamssa",2016,"Control",1045.79170506912,0,0,0
38.69888,7.90239,"Ethiopia","Tamssa",2016,"PK",2193.9007518797,0,40,40
38.69888,7.90239,"Ethiopia","Tamssa",2016,"NK",3786.52631578947,120,0,40
38.69888,7.90239,"Ethiopia","Tamssa",2016,"NP",5458.26382047072,120,40,0
38.69888,7.90239,"Ethiopia","Tamssa",2016,"NPK",6965.24590163934,120,40,40
38.69888,7.90239,"Ethiopia","Tamssa",2016,"NPK+",6033.65079365079,120,40,40
38.69633,7.90181,"Ethiopia","Tamssa",2016,"Control",2024.38941798942,0,0,0
38.69633,7.90181,"Ethiopia","Tamssa",2016,"PK",1023.96342857143,0,40,40
38.69633,7.90181,"Ethiopia","Tamssa",2016,"NK",3735.41854636591,120,0,40
38.69633,7.90181,"Ethiopia","Tamssa",2016,"NP",4738.70543024227,120,40,0
38.69633,7.90181,"Ethiopia","Tamssa",2016,"NPK",4938.35428571429,120,40,40
38.69633,7.90181,"Ethiopia","Tamssa",2016,"NPK+",6117.22222222222,120,40,40
38.69308,7.90242,"Ethiopia","Tamssa",2016,"Control",1144.21960784314,0,0,0
38.69308,7.90242,"Ethiopia","Tamssa",2016,"PK",1526.688,0,40,40
38.69308,7.90242,"Ethiopia","Tamssa",2016,"NK",3621.48705096073,120,0,40
38.69308,7.90242,"Ethiopia","Tamssa",2016,"NP",3552.20317460317,120,40,0
38.69308,7.90242,"Ethiopia","Tamssa",2016,"NPK",5042.53968253968,120,40,40
38.69308,7.90242,"Ethiopia","Tamssa",2016,"NPK+",5648.71666666667,120,40,40
38.69277,7.90115,"Ethiopia","Tamssa",2016,"Control",1023.75328798186,0,0,0
38.69277,7.90115,"Ethiopia","Tamssa",2016,"PK",480.571428571429,0,40,40
38.69277,7.90115,"Ethiopia","Tamssa",2016,"NK",2212.83428571429,120,0,40
38.69277,7.90115,"Ethiopia","Tamssa",2016,"NP",3365.30158730159,120,40,0
38.69277,7.90115,"Ethiopia","Tamssa",2016,"NPK",3237.27946127946,120,40,40
38.69277,7.90115,"Ethiopia","Tamssa",2016,"NPK+",6369.52380952381,120,40,40
38.69359,7.90719,"Ethiopia","Tamssa",2016,"Control",2043.13766233766,0,0,0
38.69359,7.90719,"Ethiopia","Tamssa",2016,"PK",1610.4,0,40,40
38.69359,7.90719,"Ethiopia","Tamssa",2016,"NK",4789.84126984127,120,0,40
38.69359,7.90719,"Ethiopia","Tamssa",2016,"NP",6453.12688172043,120,40,0
38.69359,7.90719,"Ethiopia","Tamssa",2016,"NPK",6416.04774603175,120,40,40
38.69359,7.90719,"Ethiopia","Tamssa",2016,"NPK+",7261.42857142857,120,40,40
NA,NA,"Ethiopia","Tamssa",2016,"Control",1933.17948717949,0,0,0
NA,NA,"Ethiopia","Tamssa",2016,"PK",1372.25974025974,0,40,40
NA,NA,"Ethiopia","Tamssa",2016,"NK",2818.84952380952,120,0,40
NA,NA,"Ethiopia","Tamssa",2016,"NP",4725.85578231292,120,40,0
NA,NA,"Ethiopia","Tamssa",2016,"NPK",3939.98316722038,120,40,40
NA,NA,"Ethiopia","Tamssa",2016,"NPK+",7137.23653395785,120,40,40
38.70481,7.88793,"Ethiopia","Tamssa",2016,"Control",2762.73015873016,0,0,0
38.70481,7.88793,"Ethiopia","Tamssa",2016,"PK",4394.05343915344,0,40,40
38.70481,7.88793,"Ethiopia","Tamssa",2016,"NK",4979.00582010582,120,0,40
38.70481,7.88793,"Ethiopia","Tamssa",2016,"NP",3401.36687631027,120,40,0
38.70481,7.88793,"Ethiopia","Tamssa",2016,"NPK",4131.05714285714,120,40,40
38.70481,7.88793,"Ethiopia","Tamssa",2016,"NPK+",3857.2987012987,120,40,40
NA,NA,"Ethiopia","Tamssa",2016,"Control",3437.61731601732,0,0,0
NA,NA,"Ethiopia","Tamssa",2016,"PK",4742.54436090226,0,40,40
NA,NA,"Ethiopia","Tamssa",2016,"NK",6614.37908496732,120,0,40
NA,NA,"Ethiopia","Tamssa",2016,"NP",6891.32919254659,120,40,0
NA,NA,"Ethiopia","Tamssa",2016,"NPK",8103.7066098081,120,40,40
NA,NA,"Ethiopia","Tamssa",2016,"NPK+",8569.55555555555,120,40,40
38.6896,7.89111,"Ethiopia","Tamssa",2016,"Control",1586,0,0,0
38.6896,7.89111,"Ethiopia","Tamssa",2016,"PK",2025.05094482237,0,40,40
38.6896,7.89111,"Ethiopia","Tamssa",2016,"NK",241.290322580645,120,0,40
38.6896,7.89111,"Ethiopia","Tamssa",2016,"NP",2629.17534145441,120,40,0
38.6896,7.89111,"Ethiopia","Tamssa",2016,"NPK",4480.73540372671,120,40,40
38.6896,7.89111,"Ethiopia","Tamssa",2016,"NPK+",2525.00869565217,120,40,40
38.62833,7.71509,"Ethiopia","Tamssa",2016,"Control",3152.70476190476,0,0,0
38.62833,7.71509,"Ethiopia","Tamssa",2016,"PK",3331.40809011777,0,40,40
38.62833,7.71509,"Ethiopia","Tamssa",2016,"NK",3510.95238095238,120,0,40
38.62833,7.71509,"Ethiopia","Tamssa",2016,"NP",5309.36296296296,120,40,0
38.62833,7.71509,"Ethiopia","Tamssa",2016,"NPK",4781.52973544974,120,40,40
38.62833,7.71509,"Ethiopia","Tamssa",2016,"NPK+",5665.69330572809,120,40,40
38.62963,7.71522,"Ethiopia","Tamssa",2016,"Control",2634.88547008547,0,0,0
38.62963,7.71522,"Ethiopia","Tamssa",2016,"PK",2917.15555555556,0,40,40
38.62963,7.71522,"Ethiopia","Tamssa",2016,"NK",3277.5969348659,120,0,40
38.62963,7.71522,"Ethiopia","Tamssa",2016,"NP",4802.52171893148,120,40,0
38.62963,7.71522,"Ethiopia","Tamssa",2016,"NPK",4926.73835125448,120,40,40
38.62963,7.71522,"Ethiopia","Tamssa",2016,"NPK+",4092.78911564626,120,40,40
38.63026,7.01568,"Ethiopia","Tamssa",2016,"Control",1963.54332745444,0,0,0
38.63026,7.01568,"Ethiopia","Tamssa",2016,"PK",2135.74603174603,0,40,40
38.63026,7.01568,"Ethiopia","Tamssa",2016,"NK",3787.47387387387,120,0,40
38.63026,7.01568,"Ethiopia","Tamssa",2016,"NP",6315.55555555555,120,40,0
38.63026,7.01568,"Ethiopia","Tamssa",2016,"NPK",6582.18181818182,120,40,40
38.63026,7.01568,"Ethiopia","Tamssa",2016,"NPK+",4453.33333333333,120,40,40
38.6341,7.71797,"Ethiopia","Tamssa",2016,"Control",3430.25226480836,0,0,0
38.6341,7.71797,"Ethiopia","Tamssa",2016,"PK",3819.95604395604,0,40,40
38.6341,7.71797,"Ethiopia","Tamssa",2016,"NK",2383.85282865283,120,0,40
38.6341,7.71797,"Ethiopia","Tamssa",2016,"NP",6623.34413812309,120,40,0
38.6341,7.71797,"Ethiopia","Tamssa",2016,"NPK",6517.96610169492,120,40,40
38.6341,7.71797,"Ethiopia","Tamssa",2016,"NPK+",6327.06766917293,120,40,40
38.63108,7.71754,"Ethiopia","Tamssa",2016,"Control",1351.66666666667,0,0,0
38.63108,7.71754,"Ethiopia","Tamssa",2016,"PK",2152.62962962963,0,40,40
38.63108,7.71754,"Ethiopia","Tamssa",2016,"NK",4185.39682539683,120,0,40
38.63108,7.71754,"Ethiopia","Tamssa",2016,"NP",4050.73170731707,120,40,0
38.63108,7.71754,"Ethiopia","Tamssa",2016,"NPK",5856.67926429831,120,40,40
38.63108,7.71754,"Ethiopia","Tamssa",2016,"NPK+",5367.65079365079,120,40,40
38.62789,7.72239,"Ethiopia","Tamssa",2016,"Control",3018.58436213992,0,0,0
38.62789,7.72239,"Ethiopia","Tamssa",2016,"PK",3026.46050420168,0,40,40
38.62789,7.72239,"Ethiopia","Tamssa",2016,"NK",3830.49105691057,120,0,40
38.62789,7.72239,"Ethiopia","Tamssa",2016,"NP",5485.1261487051,120,40,0
38.62789,7.72239,"Ethiopia","Tamssa",2016,"NPK",3590.29841269841,120,40,40
38.62789,7.72239,"Ethiopia","Tamssa",2016,"NPK+",5277.56483516483,120,40,40
