latitude,longitude,Controluntry,source,year,treatment,grain_yield_kgha,N,P,K
-10.61712122,35.43516235,Tanzania,Tamassa,2016/17,PK,6988.573052,0,40,40
-10.61712122,35.43516235,Tanzania,Tamassa,2016/17,Control,5452.668831,0,0,0
-10.61712122,35.43516235,Tanzania,Tamassa,2016/17,NPK,9620.752896,120,40,40
-10.61712122,35.43516235,Tanzania,Tamassa,2016/17,NPK+,8634.387013,120,40,40
-10.61712122,35.43516235,Tanzania,Tamassa,2016/17,NP,6227.015198,120,40,0
-10.61712122,35.43516235,Tanzania,Tamassa,2016/17,NK,4085.357143,120,0,40
-10.61359852,35.38141875,Tanzania,Tamassa,2016/17,PK,4194.383673,0,40,40
-10.61359852,35.38141875,Tanzania,Tamassa,2016/17,Control,3101.357143,0,0,0
-10.61359852,35.38141875,Tanzania,Tamassa,2016/17,NK,12352.71429,120,0,40
-10.61359852,35.38141875,Tanzania,Tamassa,2016/17,NP,9831.791768,120,40,0
-10.61359852,35.38141875,Tanzania,Tamassa,2016/17,NPK,8746.666667,120,40,40
-10.61359852,35.38141875,Tanzania,Tamassa,2016/17,NPK+,6511.224138,120,40,40
-10.59833143,35.36260468,Tanzania,Tamassa,2016/17,PK,4702.369737,0,40,40
-10.59833143,35.36260468,Tanzania,Tamassa,2016/17,Control,3844.953968,0,0,0
-10.59833143,35.36260468,Tanzania,Tamassa,2016/17,NPK+,12884.19375,120,40,40
-10.59833143,35.36260468,Tanzania,Tamassa,2016/17,NPK,12303.94037,120,40,40
-10.59833143,35.36260468,Tanzania,Tamassa,2016/17,NK,12023.16221,120,0,40
-10.59833143,35.36260468,Tanzania,Tamassa,2016/17,NP,10775.86466,120,40,0
-10.58673337,35.409238,Tanzania,Tamassa,2016/17,PK,2335.147059,0,40,40
-10.58673337,35.409238,Tanzania,Tamassa,2016/17,Control,424.8168571,0,0,0
-10.58673337,35.409238,Tanzania,Tamassa,2016/17,NPK+,9218.378571,120,40,40
-10.58673337,35.409238,Tanzania,Tamassa,2016/17,NK,8826.545455,120,0,40
-10.58673337,35.409238,Tanzania,Tamassa,2016/17,NP,7173.36,120,40,0
-10.58673337,35.409238,Tanzania,Tamassa,2016/17,NPK,7141.22449,120,40,40
-10.58526557,35.37166836,Tanzania,Tamassa,2016/17,PK,978.7401361,0,40,40
-10.58526557,35.37166836,Tanzania,Tamassa,2016/17,Control,515.7857143,0,0,0
-10.58526557,35.37166836,Tanzania,Tamassa,2016/17,NPK+,4469.686813,120,40,40
-10.58526557,35.37166836,Tanzania,Tamassa,2016/17,NP,746.6201299,120,40,0
-10.58526557,35.37166836,Tanzania,Tamassa,2016/17,NPK,707.7571429,120,40,40
-10.58526557,35.37166836,Tanzania,Tamassa,2016/17,NK,486.1167702,120,0,40
-10.57174339,35.38254903,Tanzania,Tamassa,2016/17,Control,1707.357143,0,0,0
-10.57174339,35.38254903,Tanzania,Tamassa,2016/17,PK,645.4571429,0,40,40
-10.57174339,35.38254903,Tanzania,Tamassa,2016/17,NPK+,12180.05391,120,40,40
-10.57174339,35.38254903,Tanzania,Tamassa,2016/17,NK,11523.48668,120,0,40
-10.57174339,35.38254903,Tanzania,Tamassa,2016/17,NPK,11371.8961,120,40,40
-10.57174339,35.38254903,Tanzania,Tamassa,2016/17,NP,9958.122449,120,40,0
-10.57122047,35.39503343,Tanzania,Tamassa,2016/17,PK,9161.096774,0,40,40
-10.57122047,35.39503343,Tanzania,Tamassa,2016/17,NPK,13562.31527,120,40,40
-10.57122047,35.39503343,Tanzania,Tamassa,2016/17,NK,10428,120,0,40
-10.57122047,35.39503343,Tanzania,Tamassa,2016/17,NP,10334.01712,120,40,0
-10.57122047,35.39503343,Tanzania,Tamassa,2016/17,NPK+,9257.195455,120,40,40
-10.57016425,35.3583025,Tanzania,Tamassa,2016/17,Control,651.456,0,0,0
-10.57016425,35.3583025,Tanzania,Tamassa,2016/17,PK,371.5714286,0,40,40
-10.57016425,35.3583025,Tanzania,Tamassa,2016/17,NPK+,11463.3522,120,40,40
-10.57016425,35.3583025,Tanzania,Tamassa,2016/17,NP,9673.566234,120,40,0
-10.57016425,35.3583025,Tanzania,Tamassa,2016/17,NK,6476.47205,120,0,40
-10.57016425,35.3583025,Tanzania,Tamassa,2016/17,NPK,6341.612245,120,40,40
-10.56764179,35.40080077,Tanzania,Tamassa,2016/17,PK,2670.057143,0,40,40
-10.56764179,35.40080077,Tanzania,Tamassa,2016/17,Control,1958.305419,0,0,0
-10.56764179,35.40080077,Tanzania,Tamassa,2016/17,NPK+,11210.29236,120,40,40
-10.56764179,35.40080077,Tanzania,Tamassa,2016/17,NK,10092.57807,120,0,40
-10.56764179,35.40080077,Tanzania,Tamassa,2016/17,NP,9294.426948,120,40,0
-10.56764179,35.40080077,Tanzania,Tamassa,2016/17,NPK,8394.226286,120,40,40
-10.5553194,35.40062228,Tanzania,Tamassa,2016/17,PK,2562.106092,0,40,40
-10.5553194,35.40062228,Tanzania,Tamassa,2016/17,Control,979.4571429,0,0,0
-10.5553194,35.40062228,Tanzania,Tamassa,2016/17,NP,5735.971607,120,40,0
-10.5553194,35.40062228,Tanzania,Tamassa,2016/17,NPK+,4278.114935,120,40,40
-10.5553194,35.40062228,Tanzania,Tamassa,2016/17,NPK,3660.137931,120,40,40
-10.5553194,35.40062228,Tanzania,Tamassa,2016/17,NK,903.8127273,120,0,40
-10.55146228,35.38579025,Tanzania,Tamassa,2016/17,Control,661.3246753,0,0,0
-10.55146228,35.38579025,Tanzania,Tamassa,2016/17,PK,557.0636646,0,40,40
-10.55146228,35.38579025,Tanzania,Tamassa,2016/17,NPK+,9293.558824,120,40,40
-10.55146228,35.38579025,Tanzania,Tamassa,2016/17,NP,8030.222008,120,40,0
-10.55146228,35.38579025,Tanzania,Tamassa,2016/17,NK,6873.045593,120,0,40
-10.55146228,35.38579025,Tanzania,Tamassa,2016/17,NPK,6520.210714,120,40,40
-10.55009657,35.4181753,Tanzania,Tamassa,2016/17,PK,5587.948052,0,40,40
-10.55009657,35.4181753,Tanzania,Tamassa,2016/17,Control,5300.142857,0,0,0
-10.55009657,35.4181753,Tanzania,Tamassa,2016/17,NPK+,12591.04945,120,40,40
-10.55009657,35.4181753,Tanzania,Tamassa,2016/17,NPK,11247.42857,120,40,40
-10.55009657,35.4181753,Tanzania,Tamassa,2016/17,NP,11129.70186,120,40,0
-10.55009657,35.4181753,Tanzania,Tamassa,2016/17,NK,4508.398268,120,0,40
-10.54614928,35.39050328,Tanzania,Tamassa,2016/17,PK,4959.948312,0,40,40
-10.54614928,35.39050328,Tanzania,Tamassa,2016/17,Control,916.4705882,0,0,0
-10.54614928,35.39050328,Tanzania,Tamassa,2016/17,NPK,8761.160571,120,40,40
-10.54614928,35.39050328,Tanzania,Tamassa,2016/17,NPK+,8104.614907,120,40,40
-10.54614928,35.39050328,Tanzania,Tamassa,2016/17,NP,6566.436576,120,40,0
-10.54614928,35.39050328,Tanzania,Tamassa,2016/17,NK,5880.952381,120,0,40
-10.54562423,35.34878425,Tanzania,Tamassa,2016/17,PK,6857.120991,0,40,40
-10.54562423,35.34878425,Tanzania,Tamassa,2016/17,Control,1012.258929,0,0,0
-10.54562423,35.34878425,Tanzania,Tamassa,2016/17,NPK,11520.0119,120,40,40
-10.54562423,35.34878425,Tanzania,Tamassa,2016/17,NP,9471.16229,120,40,0
-10.54562423,35.34878425,Tanzania,Tamassa,2016/17,NK,7534.788462,120,0,40
-10.54562423,35.34878425,Tanzania,Tamassa,2016/17,NPK+,5720.645963,120,40,40
-10.53899877,35.3583446,Tanzania,Tamassa,2016/17,PK,3485.060526,0,40,40
-10.53899877,35.3583446,Tanzania,Tamassa,2016/17,Control,902.0369748,0,0,0
-10.53899877,35.3583446,Tanzania,Tamassa,2016/17,NPK+,6974.1274,120,40,40
-10.53899877,35.3583446,Tanzania,Tamassa,2016/17,NPK,4351.731429,120,40,40
-10.53899877,35.3583446,Tanzania,Tamassa,2016/17,NP,2722.595652,120,40,0
-10.53899877,35.3583446,Tanzania,Tamassa,2016/17,NK,1727.366667,120,0,40
-10.48482077,36.16827811,Tanzania,Tamassa,2016/17,Control,400.1785714,0,0,0
-10.48482077,36.16827811,Tanzania,Tamassa,2016/17,PK,353.1512605,0,40,40
-10.48482077,36.16827811,Tanzania,Tamassa,2016/17,NP,2844,120,40,0
-10.48482077,36.16827811,Tanzania,Tamassa,2016/17,NK,2517.582418,120,0,40
-10.48482077,36.16827811,Tanzania,Tamassa,2016/17,NPK+,2506.371429,120,40,40
-10.48482077,36.16827811,Tanzania,Tamassa,2016/17,NPK,1865.892857,120,40,40
-10.46717448,36.20103256,Tanzania,Tamassa,2016/17,PK,675,0,40,40
-10.46717448,36.20103256,Tanzania,Tamassa,2016/17,Control,258,0,0,0
-10.46717448,36.20103256,Tanzania,Tamassa,2016/17,NPK,3631.428571,120,40,40
-10.46717448,36.20103256,Tanzania,Tamassa,2016/17,NPK+,2879.591837,120,40,40
-10.46717448,36.20103256,Tanzania,Tamassa,2016/17,NK,2082.857143,120,0,40
-10.46717448,36.20103256,Tanzania,Tamassa,2016/17,NP,2073.214286,120,40,0
-10.45867787,36.15439729,Tanzania,Tamassa,2016/17,Control,1482.142857,0,0,0
-10.45867787,36.15439729,Tanzania,Tamassa,2016/17,PK,864.5833333,0,40,40
-10.45867787,36.15439729,Tanzania,Tamassa,2016/17,NPK,4010.190476,120,40,40
-10.45867787,36.15439729,Tanzania,Tamassa,2016/17,NK,3605.413534,120,0,40
-10.45867787,36.15439729,Tanzania,Tamassa,2016/17,NP,2510.204082,120,40,0
-10.45867787,36.15439729,Tanzania,Tamassa,2016/17,NPK+,405,120,40,40
-10.4582692,36.21104774,Tanzania,Tamassa,2016/17,Control,985.625,0,0,0
-10.4582692,36.21104774,Tanzania,Tamassa,2016/17,PK,311.25,0,40,40
-10.4582692,36.21104774,Tanzania,Tamassa,2016/17,NPK,1333.163265,120,40,40
-10.4582692,36.21104774,Tanzania,Tamassa,2016/17,NP,835.7142857,120,40,0
-10.4582692,36.21104774,Tanzania,Tamassa,2016/17,NK,825,120,0,40
-10.45390379,36.12411004,Tanzania,Tamassa,2016/17,Control,1598.809524,0,0,0
-10.45390379,36.12411004,Tanzania,Tamassa,2016/17,PK,1288.571429,0,40,40
-10.45390379,36.12411004,Tanzania,Tamassa,2016/17,NP,4140,120,40,0
-10.45390379,36.12411004,Tanzania,Tamassa,2016/17,NPK+,2857.142857,120,40,40
-10.45390379,36.12411004,Tanzania,Tamassa,2016/17,NK,2448.979592,120,0,40
-10.45390379,36.12411004,Tanzania,Tamassa,2016/17,NPK,2400.696864,120,40,40
-10.45154395,36.17223635,Tanzania,Tamassa,2016/17,PK,1687.5,0,40,40
-10.45154395,36.17223635,Tanzania,Tamassa,2016/17,Control,231.2142857,0,0,0
-10.45154395,36.17223635,Tanzania,Tamassa,2016/17,NPK+,4210.9375,120,40,40
-10.45154395,36.17223635,Tanzania,Tamassa,2016/17,NPK,3168.681319,120,40,40
-10.45154395,36.17223635,Tanzania,Tamassa,2016/17,NP,2668.416667,120,40,0
-10.45154395,36.17223635,Tanzania,Tamassa,2016/17,NK,1581.25,120,0,40
-10.44933745,36.12625252,Tanzania,Tamassa,2016/17,PK,203.5714286,0,40,40
-10.44933745,36.12625252,Tanzania,Tamassa,2016/17,Control,89.28571429,0,0,0
-10.44933745,36.12625252,Tanzania,Tamassa,2016/17,NPK+,2623.602484,120,40,40
-10.44933745,36.12625252,Tanzania,Tamassa,2016/17,NK,1961.632653,120,0,40
-10.44933745,36.12625252,Tanzania,Tamassa,2016/17,NP,1810.588235,120,40,0
-10.44933745,36.12625252,Tanzania,Tamassa,2016/17,NPK,1687.362637,120,40,40
-10.43770646,36.17087381,Tanzania,Tamassa,2016/17,PK,530.8035714,0,40,40
-10.43770646,36.17087381,Tanzania,Tamassa,2016/17,Control,304.0714286,0,0,0
-10.43770646,36.17087381,Tanzania,Tamassa,2016/17,NPK+,3300,120,40,40
-10.43770646,36.17087381,Tanzania,Tamassa,2016/17,NPK,2795.031056,120,40,40
-10.43770646,36.17087381,Tanzania,Tamassa,2016/17,NP,2368.421053,120,40,0
-10.43770646,36.17087381,Tanzania,Tamassa,2016/17,NK,333.3333333,120,0,40
-10.4351344,36.15099479,Tanzania,Tamassa,2016/17,PK,157.1428571,0,40,40
-10.4351344,36.15099479,Tanzania,Tamassa,2016/17,Control,123.2142857,0,0,0
-10.4351344,36.15099479,Tanzania,Tamassa,2016/17,NP,3488.785714,120,40,0
-10.4351344,36.15099479,Tanzania,Tamassa,2016/17,NPK+,2777.142857,120,40,40
-10.4351344,36.15099479,Tanzania,Tamassa,2016/17,NK,2351.190476,120,0,40
-10.4351344,36.15099479,Tanzania,Tamassa,2016/17,NPK,2142.857143,120,40,40
-10.43073167,36.13317248,Tanzania,Tamassa,2016/17,PK,1213.186813,0,40,40
-10.43073167,36.13317248,Tanzania,Tamassa,2016/17,Control,658.9285714,0,0,0
-10.43073167,36.13317248,Tanzania,Tamassa,2016/17,NPK+,4030.612245,120,40,40
-10.43073167,36.13317248,Tanzania,Tamassa,2016/17,NK,3298.901099,120,0,40
-10.43073167,36.13317248,Tanzania,Tamassa,2016/17,NP,2849.52381,120,40,0
-10.43073167,36.13317248,Tanzania,Tamassa,2016/17,NPK,2620.588235,120,40,40
-10.42185018,36.19693005,Tanzania,Tamassa,2016/17,PK,721.031746,0,40,40
-10.42185018,36.19693005,Tanzania,Tamassa,2016/17,Control,361.6071429,0,0,0
-10.42185018,36.19693005,Tanzania,Tamassa,2016/17,NPK+,1890,120,40,40
-10.42185018,36.19693005,Tanzania,Tamassa,2016/17,NPK,1709.415584,120,40,40
-10.42185018,36.19693005,Tanzania,Tamassa,2016/17,NK,1428.571429,120,0,40
-10.40865673,36.14458634,Tanzania,Tamassa,2016/17,PK,136.6071429,0,40,40
-10.40865673,36.14458634,Tanzania,Tamassa,2016/17,Control,100.7142857,0,0,0
-10.40865673,36.14458634,Tanzania,Tamassa,2016/17,NK,2635.714286,120,0,40
-10.40865673,36.14458634,Tanzania,Tamassa,2016/17,NPK,2255,120,40,40
-10.40865673,36.14458634,Tanzania,Tamassa,2016/17,NP,1778.571429,120,40,0
-10.40865673,36.14458634,Tanzania,Tamassa,2016/17,NPK+,315.6964286,120,40,40
-10.40849144,36.15570821,Tanzania,Tamassa,2016/17,Control,601.7142857,0,0,0
-10.40849144,36.15570821,Tanzania,Tamassa,2016/17,PK,296.4285714,0,40,40
-10.40849144,36.15570821,Tanzania,Tamassa,2016/17,NPK,2821.428571,120,40,40
-10.40849144,36.15570821,Tanzania,Tamassa,2016/17,NP,2624,120,40,0
-10.40849144,36.15570821,Tanzania,Tamassa,2016/17,NPK+,2314.285714,120,40,40
-10.40849144,36.15570821,Tanzania,Tamassa,2016/17,NK,2123.333333,120,0,40
-10.40702222,36.14123506,Tanzania,Tamassa,2016/17,PK,180,0,40,40
-10.40702222,36.14123506,Tanzania,Tamassa,2016/17,Control,65,0,0,0
-10.40702222,36.14123506,Tanzania,Tamassa,2016/17,NP,3611.428571,120,40,0
-10.40702222,36.14123506,Tanzania,Tamassa,2016/17,NPK+,3268.285714,120,40,40
-10.40702222,36.14123506,Tanzania,Tamassa,2016/17,NPK,2979.428571,120,40,40
-10.40702222,36.14123506,Tanzania,Tamassa,2016/17,NK,2082.857143,120,0,40
-9.807094483,34.720079,Tanzania,Tamassa,2016/17,Control,2151.234568,0,0,0
-9.807094483,34.720079,Tanzania,Tamassa,2016/17,PK,1317.569787,0,50,50
-9.807094483,34.720079,Tanzania,Tamassa,2016/17,NPK,4189.285714,140,50,50
-9.807094483,34.720079,Tanzania,Tamassa,2016/17,NPK+,4149.542484,140,50,50
-9.807094483,34.720079,Tanzania,Tamassa,2016/17,NP,2441.605271,140,50,0
-9.807094483,34.720079,Tanzania,Tamassa,2016/17,NK,2358.666667,140,0,50
-9.786769702,34.72320401,Tanzania,Tamassa,2016/17,PK,586.6666667,0,50,50
-9.786769702,34.72320401,Tanzania,Tamassa,2016/17,Control,309.4179894,0,0,0
-9.786769702,34.72320401,Tanzania,Tamassa,2016/17,NPK+,1294.751773,140,50,50
-9.786769702,34.72320401,Tanzania,Tamassa,2016/17,NP,1198.848677,140,50,0
-9.786769702,34.72320401,Tanzania,Tamassa,2016/17,NPK,1187.047619,140,50,50
-9.786769702,34.72320401,Tanzania,Tamassa,2016/17,NK,73.51712615,140,0,50
-9.769328943,34.72219151,Tanzania,Tamassa,2016/17,Control,986.2698413,0,0,0
-9.769328943,34.72219151,Tanzania,Tamassa,2016/17,PK,589.0612245,0,50,50
-9.769328943,34.72219151,Tanzania,Tamassa,2016/17,NP,3189.55102,140,50,0
-9.769328943,34.72219151,Tanzania,Tamassa,2016/17,NK,2764.8,140,0,50
-9.769328943,34.72219151,Tanzania,Tamassa,2016/17,NPK,2694.645503,140,50,50
-9.769328943,34.72219151,Tanzania,Tamassa,2016/17,NPK+,2036.419048,140,50,50
-9.764456831,34.72948799,Tanzania,Tamassa,2016/17,PK,1383.900227,0,50,50
-9.764456831,34.72948799,Tanzania,Tamassa,2016/17,Control,1060.363636,0,0,0
-9.764456831,34.72948799,Tanzania,Tamassa,2016/17,NP,5106.47619,140,50,0
-9.764456831,34.72948799,Tanzania,Tamassa,2016/17,NPK,4551.65812,140,50,50
-9.764456831,34.72948799,Tanzania,Tamassa,2016/17,NPK+,3948,140,50,50
-9.764456831,34.72948799,Tanzania,Tamassa,2016/17,NK,2977.959184,140,0,50
-9.76203254,34.72066866,Tanzania,Tamassa,2016/17,PK,149.4402673,0,50,50
-9.76203254,34.72066866,Tanzania,Tamassa,2016/17,Control,129.877551,0,0,0
-9.76203254,34.72066866,Tanzania,Tamassa,2016/17,NPK,1342.934363,140,50,50
-9.76203254,34.72066866,Tanzania,Tamassa,2016/17,NP,1198.346253,140,50,0
-9.76203254,34.72066866,Tanzania,Tamassa,2016/17,NPK+,1159.02439,140,50,50
-9.76203254,34.72066866,Tanzania,Tamassa,2016/17,NK,502.7692308,140,0,50
-9.756795175,34.73174371,Tanzania,Tamassa,2016/17,Control,1581.738473,0,0,0
-9.756795175,34.73174371,Tanzania,Tamassa,2016/17,PK,1131.602013,0,50,50
-9.756795175,34.73174371,Tanzania,Tamassa,2016/17,NP,3739.017857,140,50,0
-9.756795175,34.73174371,Tanzania,Tamassa,2016/17,NPK+,3706.122449,140,50,50
-9.756795175,34.73174371,Tanzania,Tamassa,2016/17,NK,2346.666667,140,0,50
-9.756795175,34.73174371,Tanzania,Tamassa,2016/17,NPK,2192.759203,140,50,50
-9.748904087,34.7395396,Tanzania,Tamassa,2016/17,PK,2946.086957,0,50,50
-9.748904087,34.7395396,Tanzania,Tamassa,2016/17,Control,2268.444444,0,0,0
-9.748904087,34.7395396,Tanzania,Tamassa,2016/17,NP,3725.473684,140,50,0
-9.748904087,34.7395396,Tanzania,Tamassa,2016/17,NPK,3158.333333,140,50,50
-9.748904087,34.7395396,Tanzania,Tamassa,2016/17,NPK+,2623.28,140,50,50
-9.748904087,34.7395396,Tanzania,Tamassa,2016/17,NK,2563.250794,140,0,50
-9.738529035,34.75534127,Tanzania,Tamassa,2016/17,Control,421.978022,0,0,0
-9.738529035,34.75534127,Tanzania,Tamassa,2016/17,PK,248.8888889,0,50,50
-9.738529035,34.75534127,Tanzania,Tamassa,2016/17,NPK,437.4229692,140,50,50
-9.738529035,34.75534127,Tanzania,Tamassa,2016/17,NP,320.9449982,140,50,0
-9.738529035,34.75534127,Tanzania,Tamassa,2016/17,NPK+,243.8095238,140,50,50
-9.738529035,34.75534127,Tanzania,Tamassa,2016/17,NK,43.2,140,0,50
-9.738210536,34.70694194,Tanzania,Tamassa,2016/17,Control,960.5228758,0,0,0
-9.738210536,34.70694194,Tanzania,Tamassa,2016/17,PK,922.2945736,0,50,50
-9.738210536,34.70694194,Tanzania,Tamassa,2016/17,NPK+,4487.952381,140,50,50
-9.738210536,34.70694194,Tanzania,Tamassa,2016/17,NPK,4192.389864,140,50,50
-9.738210536,34.70694194,Tanzania,Tamassa,2016/17,NP,3285.49919,140,50,0
-9.738210536,34.70694194,Tanzania,Tamassa,2016/17,NK,2659.82906,140,0,50
-9.737812735,34.74821194,Tanzania,Tamassa,2016/17,Control,2404.943915,0,0,0
-9.737812735,34.74821194,Tanzania,Tamassa,2016/17,PK,2116.96649,0,50,50
-9.737812735,34.74821194,Tanzania,Tamassa,2016/17,NPK+,4964.469734,140,50,50
-9.737812735,34.74821194,Tanzania,Tamassa,2016/17,NPK,4756.15619,140,50,50
-9.737812735,34.74821194,Tanzania,Tamassa,2016/17,NP,3410.625,140,50,0
-9.737812735,34.74821194,Tanzania,Tamassa,2016/17,NK,1352.69103,140,0,50
-9.724800572,34.76224307,Tanzania,Tamassa,2016/17,PK,517.5111111,0,50,50
-9.724800572,34.76224307,Tanzania,Tamassa,2016/17,Control,352.5623583,0,0,0
-9.724800572,34.76224307,Tanzania,Tamassa,2016/17,NPK+,1138.847851,140,50,50
-9.724800572,34.76224307,Tanzania,Tamassa,2016/17,NPK,1070.368374,140,50,50
-9.724800572,34.76224307,Tanzania,Tamassa,2016/17,NP,765.3679654,140,50,0
-9.724800572,34.76224307,Tanzania,Tamassa,2016/17,NK,85.45284781,140,0,50
-9.713518941,34.71736518,Tanzania,Tamassa,2016/17,Control,1746.575964,0,0,0
-9.713518941,34.71736518,Tanzania,Tamassa,2016/17,PK,982.3129252,0,50,50
-9.713518941,34.71736518,Tanzania,Tamassa,2016/17,NP,2221.511111,140,50,0
-9.713518941,34.71736518,Tanzania,Tamassa,2016/17,NPK+,1942.394558,140,50,50
-9.713518941,34.71736518,Tanzania,Tamassa,2016/17,NPK,1811.925466,140,50,50
-9.713518941,34.71736518,Tanzania,Tamassa,2016/17,NK,1352.195122,140,0,50
-9.711527155,34.69303277,Tanzania,Tamassa,2016/17,Control,1541.544974,0,0,0
-9.711527155,34.69303277,Tanzania,Tamassa,2016/17,PK,1241.396825,0,50,50
-9.711527155,34.69303277,Tanzania,Tamassa,2016/17,NPK+,2072.888889,140,50,50
-9.711527155,34.69303277,Tanzania,Tamassa,2016/17,NPK,1867.258359,140,50,50
-9.711527155,34.69303277,Tanzania,Tamassa,2016/17,NP,1729.412698,140,50,0
-9.711527155,34.69303277,Tanzania,Tamassa,2016/17,NK,728.1105991,140,0,50
-9.707762183,34.70232855,Tanzania,Tamassa,2016/17,PK,369.9470899,0,50,50
-9.707762183,34.70232855,Tanzania,Tamassa,2016/17,Control,206.7080745,0,0,0
-9.707762183,34.70232855,Tanzania,Tamassa,2016/17,NPK,1849.591731,140,50,50
-9.707762183,34.70232855,Tanzania,Tamassa,2016/17,NPK+,1243.921569,140,50,50
-9.707762183,34.70232855,Tanzania,Tamassa,2016/17,NP,1203.057143,140,50,0
-9.707762183,34.70232855,Tanzania,Tamassa,2016/17,NK,1070.902857,140,0,50
-9.425753207,34.79155551,Tanzania,Tamassa,2016/17,Control,862.8944911,0,0,0
-9.425753207,34.79155551,Tanzania,Tamassa,2016/17,PK,460.2686203,0,50,50
-9.425753207,34.79155551,Tanzania,Tamassa,2016/17,NPK,772.0634921,140,50,50
-9.425753207,34.79155551,Tanzania,Tamassa,2016/17,NPK+,750.1075269,140,50,50
-9.425753207,34.79155551,Tanzania,Tamassa,2016/17,NP,723.5294118,140,50,0
-9.425753207,34.79155551,Tanzania,Tamassa,2016/17,NK,394.2349206,140,0,50
-9.418372373,34.78258232,Tanzania,Tamassa,2016/17,PK,2644.897959,0,50,50
-9.418372373,34.78258232,Tanzania,Tamassa,2016/17,Control,391.2380952,0,0,0
-9.418372373,34.78258232,Tanzania,Tamassa,2016/17,NPK+,3152.091429,140,50,50
-9.418372373,34.78258232,Tanzania,Tamassa,2016/17,NPK,3151.640212,140,50,50
-9.418372373,34.78258232,Tanzania,Tamassa,2016/17,NP,2355.2,140,50,0
-9.418372373,34.78258232,Tanzania,Tamassa,2016/17,NK,816.3265306,140,0,50
-9.413506179,34.79950468,Tanzania,Tamassa,2016/17,PK,3591.951368,0,50,50
-9.413506179,34.79950468,Tanzania,Tamassa,2016/17,Control,1931.755102,0,0,0
-9.413506179,34.79950468,Tanzania,Tamassa,2016/17,NPK,4083.189369,140,50,50
-9.413506179,34.79950468,Tanzania,Tamassa,2016/17,NP,3410.415094,140,50,0
-9.413506179,34.79950468,Tanzania,Tamassa,2016/17,NPK+,2585.693122,140,50,50
-9.413506179,34.79950468,Tanzania,Tamassa,2016/17,NK,1991.785714,140,0,50
-9.411645202,34.80765175,Tanzania,Tamassa,2016/17,PK,971.2569713,0,50,50
-9.411645202,34.80765175,Tanzania,Tamassa,2016/17,Control,752.9650794,0,0,0
-9.411645202,34.80765175,Tanzania,Tamassa,2016/17,NPK,1696.296296,140,50,50
-9.411645202,34.80765175,Tanzania,Tamassa,2016/17,NP,1528.253968,140,50,0
-9.411645202,34.80765175,Tanzania,Tamassa,2016/17,NK,1211.343915,140,0,50
-9.411645202,34.80765175,Tanzania,Tamassa,2016/17,NPK+,1130.198198,140,50,50
-9.409580519,34.77676331,Tanzania,Tamassa,2016/17,PK,1645.754386,0,50,50
-9.409580519,34.77676331,Tanzania,Tamassa,2016/17,Control,963.1836735,0,0,0
-9.409580519,34.77676331,Tanzania,Tamassa,2016/17,NPK,2267.138716,140,50,50
-9.409580519,34.77676331,Tanzania,Tamassa,2016/17,NPK+,2014.658385,140,50,50
-9.409580519,34.77676331,Tanzania,Tamassa,2016/17,NP,1723.35757,140,50,0
-9.409580519,34.77676331,Tanzania,Tamassa,2016/17,NK,1306.405316,140,0,50
-9.406028409,34.79114132,Tanzania,Tamassa,2016/17,PK,1038.715646,0,50,50
-9.406028409,34.79114132,Tanzania,Tamassa,2016/17,Control,721.2857143,0,0,0
-9.406028409,34.79114132,Tanzania,Tamassa,2016/17,NPK+,2867.2,140,50,50
-9.406028409,34.79114132,Tanzania,Tamassa,2016/17,NPK,2571.661376,140,50,50
-9.406028409,34.79114132,Tanzania,Tamassa,2016/17,NP,2254.589666,140,50,0
-9.406028409,34.79114132,Tanzania,Tamassa,2016/17,NK,1216.540541,140,0,50
-9.401887757,34.7605923,Tanzania,Tamassa,2016/17,PK,991.6726631,0,50,50
-9.401887757,34.7605923,Tanzania,Tamassa,2016/17,NPK+,2807.007937,140,50,50
-9.401887757,34.7605923,Tanzania,Tamassa,2016/17,NPK,2553.227513,140,50,50
-9.401887757,34.7605923,Tanzania,Tamassa,2016/17,NP,2171.750678,140,50,0
-9.401887757,34.7605923,Tanzania,Tamassa,2016/17,NK,892.8042328,140,0,50
-9.394050882,34.80489486,Tanzania,Tamassa,2016/17,PK,28.57142857,0,50,50
-9.394050882,34.80489486,Tanzania,Tamassa,2016/17,NPK+,756.7346939,140,50,50
-9.394050882,34.80489486,Tanzania,Tamassa,2016/17,NPK,248.9879365,140,50,50
-9.394050882,34.80489486,Tanzania,Tamassa,2016/17,NP,203.7267081,140,50,0
-9.394050882,34.80489486,Tanzania,Tamassa,2016/17,NK,17.56613757,140,0,50
-9.386836434,34.7647553,Tanzania,Tamassa,2016/17,PK,1206.947368,0,50,50
-9.386836434,34.7647553,Tanzania,Tamassa,2016/17,Control,1068.571429,0,0,0
-9.386836434,34.7647553,Tanzania,Tamassa,2016/17,NPK+,3148.444444,140,50,50
-9.386836434,34.7647553,Tanzania,Tamassa,2016/17,NPK,2763.009524,140,50,50
-9.386836434,34.7647553,Tanzania,Tamassa,2016/17,NP,2363.900227,140,50,0
-9.386836434,34.7647553,Tanzania,Tamassa,2016/17,NK,929.6084656,140,0,50
-9.358848172,34.63642795,Tanzania,Tamassa,2016/17,PK,3818.571429,0,50,50
-9.358848172,34.63642795,Tanzania,Tamassa,2016/17,Control,3223.868783,0,0,0
-9.358848172,34.63642795,Tanzania,Tamassa,2016/17,NP,5184.251572,140,50,0
-9.358848172,34.63642795,Tanzania,Tamassa,2016/17,NPK+,4769.28,140,50,50
-9.358848172,34.63642795,Tanzania,Tamassa,2016/17,NPK,4483.116136,140,50,50
-9.358848172,34.63642795,Tanzania,Tamassa,2016/17,NK,3043.78836,140,0,50
-9.357235882,34.76602806,Tanzania,Tamassa,2016/17,PK,372.4285714,0,50,50
-9.357235882,34.76602806,Tanzania,Tamassa,2016/17,Control,158.0952381,0,0,0
-9.357235882,34.76602806,Tanzania,Tamassa,2016/17,NPK+,600.5853659,140,50,50
-9.357235882,34.76602806,Tanzania,Tamassa,2016/17,NPK,243.0714286,140,50,50
-9.357235882,34.76602806,Tanzania,Tamassa,2016/17,NP,47.42857143,140,50,0
-9.344104114,34.57229666,Tanzania,Tamassa,2016/17,Control,68.50793651,0,0,0
-9.344104114,34.57229666,Tanzania,Tamassa,2016/17,PK,58.87179487,0,50,50
-9.344104114,34.57229666,Tanzania,Tamassa,2016/17,NPK+,864,140,50,50
-9.344104114,34.57229666,Tanzania,Tamassa,2016/17,NP,663.2087912,140,50,0
-9.344104114,34.57229666,Tanzania,Tamassa,2016/17,NK,142.3068783,140,0,50
-9.344104114,34.57229666,Tanzania,Tamassa,2016/17,NPK,107.5047619,140,50,50
-9.343542342,34.66812463,Tanzania,Tamassa,2016/17,PK,4096.296296,0,50,50
-9.343542342,34.66812463,Tanzania,Tamassa,2016/17,Control,2495.793651,0,0,0
-9.343542342,34.66812463,Tanzania,Tamassa,2016/17,NP,5911.02439,140,50,0
-9.343542342,34.66812463,Tanzania,Tamassa,2016/17,NPK,5135.862857,140,50,50
-9.343542342,34.66812463,Tanzania,Tamassa,2016/17,NPK+,5061.463946,140,50,50
-9.343542342,34.66812463,Tanzania,Tamassa,2016/17,NK,3774.695238,140,0,50
-9.328307039,34.57038295,Tanzania,Tamassa,2016/17,PK,2590.47619,0,50,50
-9.328307039,34.57038295,Tanzania,Tamassa,2016/17,Control,1969.733333,0,0,0
-9.328307039,34.57038295,Tanzania,Tamassa,2016/17,NPK+,3980.529101,140,50,50
-9.328307039,34.57038295,Tanzania,Tamassa,2016/17,NPK,3351.659148,140,50,50
-9.328307039,34.57038295,Tanzania,Tamassa,2016/17,NP,2834.604651,140,50,0
-9.328307039,34.57038295,Tanzania,Tamassa,2016/17,NK,2657.375145,140,0,50
-9.31585453,34.66556152,Tanzania,Tamassa,2016/17,PK,4698.209524,0,50,50
-9.31585453,34.66556152,Tanzania,Tamassa,2016/17,Control,3082.857143,0,0,0
-9.31585453,34.66556152,Tanzania,Tamassa,2016/17,NPK+,4018.949939,140,50,50
-9.31585453,34.66556152,Tanzania,Tamassa,2016/17,NPK,3503.419753,140,50,50
-9.31585453,34.66556152,Tanzania,Tamassa,2016/17,NP,3225.229206,140,50,0
-9.31585453,34.66556152,Tanzania,Tamassa,2016/17,NK,2608.58309,140,0,50
-9.306191372,34.6417527,Tanzania,Tamassa,2016/17,Control,2317.754262,0,0,0
-9.306191372,34.6417527,Tanzania,Tamassa,2016/17,PK,958.1954887,0,50,50
-9.306191372,34.6417527,Tanzania,Tamassa,2016/17,NPK+,4280.251816,140,50,50
-9.306191372,34.6417527,Tanzania,Tamassa,2016/17,NP,3363.950617,140,50,0
-9.306191372,34.6417527,Tanzania,Tamassa,2016/17,NPK,2306.585034,140,50,50
-9.306191372,34.6417527,Tanzania,Tamassa,2016/17,NK,1648.335893,140,0,50
-9.295143725,34.63781767,Tanzania,Tamassa,2016/17,PK,697.4814815,0,50,50
-9.295143725,34.63781767,Tanzania,Tamassa,2016/17,Control,201.4814815,0,0,0
-9.295143725,34.63781767,Tanzania,Tamassa,2016/17,NK,1811.503268,140,0,50
-9.295143725,34.63781767,Tanzania,Tamassa,2016/17,NPK,1616.639299,140,50,50
-9.295143725,34.63781767,Tanzania,Tamassa,2016/17,NP,1394.487276,140,50,0
-9.295143725,34.63781767,Tanzania,Tamassa,2016/17,NPK+,1270.349206,140,50,50
-9.284853853,34.62723342,Tanzania,Tamassa,2016/17,PK,843.8672439,0,50,50
-9.284853853,34.62723342,Tanzania,Tamassa,2016/17,Control,732.4223602,0,0,0
-9.284853853,34.62723342,Tanzania,Tamassa,2016/17,NPK+,974.1269841,140,50,50
-9.284853853,34.62723342,Tanzania,Tamassa,2016/17,NK,930.2010582,140,0,50
-9.284853853,34.62723342,Tanzania,Tamassa,2016/17,NPK,843.0926779,140,50,50
-9.284853853,34.62723342,Tanzania,Tamassa,2016/17,NP,544.9312169,140,50,0
-9.282024641,34.59091959,Tanzania,Tamassa,2016/17,PK,1244.068195,0,50,50
-9.282024641,34.59091959,Tanzania,Tamassa,2016/17,Control,357.7068161,0,0,0
-9.282024641,34.59091959,Tanzania,Tamassa,2016/17,NPK,2960.11139,140,50,50
-9.282024641,34.59091959,Tanzania,Tamassa,2016/17,NP,2815.703704,140,50,0
-9.282024641,34.59091959,Tanzania,Tamassa,2016/17,NK,1283.206349,140,0,50
-9.282024641,34.59091959,Tanzania,Tamassa,2016/17,NPK+,1010.285714,140,50,50
-9.277762164,34.60046834,Tanzania,Tamassa,2016/17,Control,2575.058824,0,0,0
-9.277762164,34.60046834,Tanzania,Tamassa,2016/17,PK,734.7692308,0,50,50
-9.277762164,34.60046834,Tanzania,Tamassa,2016/17,NPK,6005.357143,140,50,50
-9.277762164,34.60046834,Tanzania,Tamassa,2016/17,NP,4659.763975,140,50,0
-9.277762164,34.60046834,Tanzania,Tamassa,2016/17,NPK+,4566.204906,140,50,50
-9.277762164,34.60046834,Tanzania,Tamassa,2016/17,NK,4311.771429,140,0,50
-9.275982446,34.60958532,Tanzania,Tamassa,2016/17,PK,1838.275132,0,50,50
-9.275982446,34.60958532,Tanzania,Tamassa,2016/17,Control,632,0,0,0
-9.275982446,34.60958532,Tanzania,Tamassa,2016/17,NPK,2121.904762,140,50,50
-9.275982446,34.60958532,Tanzania,Tamassa,2016/17,NPK+,1677.742504,140,50,50
-9.275982446,34.60958532,Tanzania,Tamassa,2016/17,NP,1217.918871,140,50,0
-9.275982446,34.60958532,Tanzania,Tamassa,2016/17,NK,492.9328449,140,0,50
-9.269754516,34.6012493,Tanzania,Tamassa,2016/17,PK,2320.612245,0,50,50
-9.269754516,34.6012493,Tanzania,Tamassa,2016/17,Control,916.2337662,0,0,0
-9.269754516,34.6012493,Tanzania,Tamassa,2016/17,NP,5074.734588,140,50,0
-9.269754516,34.6012493,Tanzania,Tamassa,2016/17,NPK,3115.334072,140,50,50
-9.269754516,34.6012493,Tanzania,Tamassa,2016/17,NPK+,2230.901961,140,50,50
-9.269754516,34.6012493,Tanzania,Tamassa,2016/17,NK,924.6021505,140,0,50
-9.12009871,33.31162022,Tanzania,Tamassa,2016/17,PK,785.2619048,0,50,50
-9.12009871,33.31162022,Tanzania,Tamassa,2016/17,Control,78.00453515,0,0,0
-9.12009871,33.31162022,Tanzania,Tamassa,2016/17,NP,1583.066667,140,50,0
-9.12009871,33.31162022,Tanzania,Tamassa,2016/17,NPK,1534.540796,140,50,50
-9.12009871,33.31162022,Tanzania,Tamassa,2016/17,NPK+,1147.519841,140,50,50
-9.12009871,33.31162022,Tanzania,Tamassa,2016/17,NK,410.8626639,140,0,50
-9.099862367,33.35268721,Tanzania,Tamassa,2016/17,Control,989.8571429,0,0,0
-9.099862367,33.35268721,Tanzania,Tamassa,2016/17,PK,355.5555556,0,50,50
-9.099862367,33.35268721,Tanzania,Tamassa,2016/17,NP,1584.71353,140,50,0
-9.099862367,33.35268721,Tanzania,Tamassa,2016/17,NPK,465.1005291,140,50,50
-9.099862367,33.35268721,Tanzania,Tamassa,2016/17,NK,243.968254,140,0,50
-9.099862367,33.35268721,Tanzania,Tamassa,2016/17,NPK+,188.5714286,140,50,50
-9.099269812,33.34900437,Tanzania,Tamassa,2016/17,PK,1038.666667,0,50,50
-9.099269812,33.34900437,Tanzania,Tamassa,2016/17,Control,388.987013,0,0,0
-9.099269812,33.34900437,Tanzania,Tamassa,2016/17,NPK+,3608.380952,140,50,50
-9.099269812,33.34900437,Tanzania,Tamassa,2016/17,NP,3004.68254,140,50,0
-9.099269812,33.34900437,Tanzania,Tamassa,2016/17,NPK,2992.864865,140,50,50
-9.099269812,33.34900437,Tanzania,Tamassa,2016/17,NK,895.5095785,140,0,50
-9.099099725,33.3436604,Tanzania,Tamassa,2016/17,PK,1703.304348,0,50,50
-9.099099725,33.3436604,Tanzania,Tamassa,2016/17,Control,1293.157974,0,0,0
-9.099099725,33.3436604,Tanzania,Tamassa,2016/17,NP,3613.170068,140,50,0
-9.099099725,33.3436604,Tanzania,Tamassa,2016/17,NPK+,2705.08612,140,50,50
-9.099099725,33.3436604,Tanzania,Tamassa,2016/17,NPK,2327.09434,140,50,50
-9.099099725,33.3436604,Tanzania,Tamassa,2016/17,NK,847.9006211,140,0,50
-9.098117445,33.36253069,Tanzania,Tamassa,2016/17,PK,2141.460317,0,50,50
-9.098117445,33.36253069,Tanzania,Tamassa,2016/17,Control,996.0997732,0,0,0
-9.098117445,33.36253069,Tanzania,Tamassa,2016/17,NP,2963.544974,140,50,0
-9.098117445,33.36253069,Tanzania,Tamassa,2016/17,NPK,2456.380952,140,50,50
-9.098117445,33.36253069,Tanzania,Tamassa,2016/17,NK,2133.926846,140,0,50
-9.098117445,33.36253069,Tanzania,Tamassa,2016/17,NPK+,2071.495911,140,50,50
-9.096782246,33.35852323,Tanzania,Tamassa,2016/17,PK,1342.028571,0,50,50
-9.096782246,33.35852323,Tanzania,Tamassa,2016/17,Control,376.8888889,0,0,0
-9.096782246,33.35852323,Tanzania,Tamassa,2016/17,NP,2665.015873,140,50,0
-9.096782246,33.35852323,Tanzania,Tamassa,2016/17,NPK,1690.285714,140,50,50
-9.096782246,33.35852323,Tanzania,Tamassa,2016/17,NPK+,1229.090909,140,50,50
-9.096782246,33.35852323,Tanzania,Tamassa,2016/17,NK,1196.825397,140,0,50
-9.096726267,33.35215672,Tanzania,Tamassa,2016/17,PK,595.0877193,0,50,50
-9.096726267,33.35215672,Tanzania,Tamassa,2016/17,Control,495.2380952,0,0,0
-9.096726267,33.35215672,Tanzania,Tamassa,2016/17,NP,2748.768473,140,50,0
-9.096726267,33.35215672,Tanzania,Tamassa,2016/17,NPK,1598.571429,140,50,50
-9.096726267,33.35215672,Tanzania,Tamassa,2016/17,NK,607.6371882,140,0,50
-9.096726267,33.35215672,Tanzania,Tamassa,2016/17,NPK+,417.6979592,140,50,50
-9.090956681,33.32322868,Tanzania,Tamassa,2016/17,PK,682.2796674,0,50,50
-9.090956681,33.32322868,Tanzania,Tamassa,2016/17,Control,661.665733,0,0,0
-9.090956681,33.32322868,Tanzania,Tamassa,2016/17,NPK+,1767.272727,140,50,50
-9.090956681,33.32322868,Tanzania,Tamassa,2016/17,NPK,785.7777778,140,50,50
-9.090956681,33.32322868,Tanzania,Tamassa,2016/17,NP,765.914787,140,50,0
-9.090956681,33.32322868,Tanzania,Tamassa,2016/17,NK,465.5238095,140,0,50
-8.852533292,32.96385676,Tanzania,Tamassa,2016/17,PK,1054.272348,0,50,50
-8.852533292,32.96385676,Tanzania,Tamassa,2016/17,Control,169.6145125,0,0,0
-8.852533292,32.96385676,Tanzania,Tamassa,2016/17,NPK,2422.98103,140,50,50
-8.852533292,32.96385676,Tanzania,Tamassa,2016/17,NPK+,2213.514148,140,50,50
-8.852533292,32.96385676,Tanzania,Tamassa,2016/17,NK,1792.354374,140,0,50
-8.852533292,32.96385676,Tanzania,Tamassa,2016/17,NP,1672.471429,140,50,0
-8.846254511,32.99142053,Tanzania,Tamassa,2016/17,PK,1781.74216,0,50,50
-8.846254511,32.99142053,Tanzania,Tamassa,2016/17,Control,277.2940287,0,0,0
-8.846254511,32.99142053,Tanzania,Tamassa,2016/17,NPK,7965.858586,140,50,50
-8.846254511,32.99142053,Tanzania,Tamassa,2016/17,NPK+,7324.571429,140,50,50
-8.846254511,32.99142053,Tanzania,Tamassa,2016/17,NK,2294.421769,140,0,50
-8.846254511,32.99142053,Tanzania,Tamassa,2016/17,NP,1804.444444,140,50,0
-8.555828375,32.07608101,Tanzania,Tamassa,2016/17,Control,1401.904762,0,0,0
-8.555828375,32.07608101,Tanzania,Tamassa,2016/17,PK,341.4857143,0,50,50
-8.555828375,32.07608101,Tanzania,Tamassa,2016/17,NPK+,4784.461153,140,50,50
-8.555828375,32.07608101,Tanzania,Tamassa,2016/17,NP,1292.215873,140,50,0
-8.555828375,32.07608101,Tanzania,Tamassa,2016/17,NPK,1118.614719,140,50,50
-8.555828375,32.07608101,Tanzania,Tamassa,2016/17,NK,955.5555556,140,0,50
-8.393785671,35.05838872,Tanzania,Tamassa,2016/17,PK,5305.67619,0,50,50
-8.393785671,35.05838872,Tanzania,Tamassa,2016/17,Control,2221.873016,0,0,0
-8.393785671,35.05838872,Tanzania,Tamassa,2016/17,NPK,5698.622951,140,50,50
-8.393785671,35.05838872,Tanzania,Tamassa,2016/17,NPK+,5167.251462,140,50,50
-8.393785671,35.05838872,Tanzania,Tamassa,2016/17,NP,4473.737374,140,50,0
-8.393785671,35.05838872,Tanzania,Tamassa,2016/17,NK,2343.271605,140,0,50
-8.380528955,35.06298814,Tanzania,Tamassa,2016/17,Control,3226.666667,0,0,0
-8.380528955,35.06298814,Tanzania,Tamassa,2016/17,PK,3068.091711,0,50,50
-8.380528955,35.06298814,Tanzania,Tamassa,2016/17,NP,4372.923077,140,50,0
-8.380528955,35.06298814,Tanzania,Tamassa,2016/17,NK,3241.281746,140,0,50
-8.380528955,35.06298814,Tanzania,Tamassa,2016/17,NPK+,3049.212574,140,50,50
-8.380528955,35.06298814,Tanzania,Tamassa,2016/17,NPK,3040.993789,140,50,50
-8.379941395,35.04162494,Tanzania,Tamassa,2016/17,PK,2871.428571,0,50,50
-8.379941395,35.04162494,Tanzania,Tamassa,2016/17,Control,2657.170732,0,0,0
-8.379941395,35.04162494,Tanzania,Tamassa,2016/17,NPK,5089.815603,140,50,50
-8.379941395,35.04162494,Tanzania,Tamassa,2016/17,NK,4442.823529,140,0,50
-8.379941395,35.04162494,Tanzania,Tamassa,2016/17,NPK+,4248.222997,140,50,50
-8.379941395,35.04162494,Tanzania,Tamassa,2016/17,NP,4169.602914,140,50,0
-8.365638649,35.06259212,Tanzania,Tamassa,2016/17,PK,2366.137566,0,50,50
-8.365638649,35.06259212,Tanzania,Tamassa,2016/17,Control,1031.78836,0,0,0
-8.365638649,35.06259212,Tanzania,Tamassa,2016/17,NP,5854.897406,140,50,0
-8.365638649,35.06259212,Tanzania,Tamassa,2016/17,NK,3470.793651,140,0,50
-8.365638649,35.06259212,Tanzania,Tamassa,2016/17,NPK,3360.19536,140,50,50
-8.365638649,35.06259212,Tanzania,Tamassa,2016/17,NPK+,2668,140,50,50
-8.349183401,35.04412206,Tanzania,Tamassa,2016/17,PK,2031.552795,0,50,50
-8.349183401,35.04412206,Tanzania,Tamassa,2016/17,Control,1218.333333,0,0,0
-8.349183401,35.04412206,Tanzania,Tamassa,2016/17,NK,2872.041598,140,0,50
-8.349183401,35.04412206,Tanzania,Tamassa,2016/17,NPK,2009.507937,140,50,50
-8.349183401,35.04412206,Tanzania,Tamassa,2016/17,NP,1090.812891,140,50,0
-8.349183401,35.04412206,Tanzania,Tamassa,2016/17,NPK+,663.1820728,140,50,50
-8.341967291,35.08980984,Tanzania,Tamassa,2016/17,PK,1877.211429,0,50,50
-8.341967291,35.08980984,Tanzania,Tamassa,2016/17,Control,804.5714286,0,0,0
-8.341967291,35.08980984,Tanzania,Tamassa,2016/17,NPK+,3118.337662,140,50,50
-8.341967291,35.08980984,Tanzania,Tamassa,2016/17,NPK,3088.355556,140,50,50
-8.341967291,35.08980984,Tanzania,Tamassa,2016/17,NP,2795.047619,140,50,0
-8.341967291,35.08980984,Tanzania,Tamassa,2016/17,NK,1093.714286,140,0,50
-8.318804152,35.10093874,Tanzania,Tamassa,2016/17,Control,3503.885714,0,0,0
-8.318804152,35.10093874,Tanzania,Tamassa,2016/17,PK,2412.487805,0,50,50
-8.318804152,35.10093874,Tanzania,Tamassa,2016/17,NPK+,4429.413068,140,50,50
-8.318804152,35.10093874,Tanzania,Tamassa,2016/17,NP,3767.619048,140,50,0
-8.318804152,35.10093874,Tanzania,Tamassa,2016/17,NPK,3357.714286,140,50,50
-8.318804152,35.10093874,Tanzania,Tamassa,2016/17,NK,2912.763533,140,0,50
-8.312801794,35.10560656,Tanzania,Tamassa,2016/17,PK,3787.185185,0,50,50
-8.312801794,35.10560656,Tanzania,Tamassa,2016/17,Control,2209.52381,0,0,0
-8.312801794,35.10560656,Tanzania,Tamassa,2016/17,NPK+,4548.196721,140,50,50
-8.312801794,35.10560656,Tanzania,Tamassa,2016/17,NP,4220.666667,140,50,0
-8.312801794,35.10560656,Tanzania,Tamassa,2016/17,NPK,3622.741703,140,50,50
-8.312801794,35.10560656,Tanzania,Tamassa,2016/17,NK,2498.103624,140,0,50
-8.30775277,35.12290476,Tanzania,Tamassa,2016/17,Control,2593.746994,0,0,0
-8.30775277,35.12290476,Tanzania,Tamassa,2016/17,PK,2252.198942,0,50,50
-8.30775277,35.12290476,Tanzania,Tamassa,2016/17,NP,4346.666667,140,50,0
-8.30775277,35.12290476,Tanzania,Tamassa,2016/17,NPK,4151.204233,140,50,50
-8.30775277,35.12290476,Tanzania,Tamassa,2016/17,NK,3551.269136,140,0,50
-8.30775277,35.12290476,Tanzania,Tamassa,2016/17,NPK+,3361.755952,140,50,50
-8.303653845,35.11675926,Tanzania,Tamassa,2016/17,PK,1037.220779,0,50,50
-8.303653845,35.11675926,Tanzania,Tamassa,2016/17,Control,261.6888889,0,0,0
-8.303653845,35.11675926,Tanzania,Tamassa,2016/17,NPK+,4638.080808,140,50,50
-8.303653845,35.11675926,Tanzania,Tamassa,2016/17,NPK,2919.508449,140,50,50
-8.303653845,35.11675926,Tanzania,Tamassa,2016/17,NP,2700.038095,140,50,0
-8.303653845,35.11675926,Tanzania,Tamassa,2016/17,NK,1946.222222,140,0,50
-8.298576367,35.02249112,Tanzania,Tamassa,2016/17,PK,591.3227513,0,50,50
-8.298576367,35.02249112,Tanzania,Tamassa,2016/17,Control,222.9333333,0,0,0
-8.298576367,35.02249112,Tanzania,Tamassa,2016/17,NPK,4142.857143,140,50,50
-8.298576367,35.02249112,Tanzania,Tamassa,2016/17,NP,3268.877551,140,50,0
-8.298576367,35.02249112,Tanzania,Tamassa,2016/17,NPK+,2858.70756,140,50,50
-8.298576367,35.02249112,Tanzania,Tamassa,2016/17,NK,543.5428571,140,0,50
-8.295940899,35.01692005,Tanzania,Tamassa,2016/17,PK,2537.729611,0,50,50
-8.295940899,35.01692005,Tanzania,Tamassa,2016/17,Control,1683.453968,0,0,0
-8.295940899,35.01692005,Tanzania,Tamassa,2016/17,NPK+,6628.615385,140,50,50
-8.295940899,35.01692005,Tanzania,Tamassa,2016/17,NPK,6080.555556,140,50,50
-8.295940899,35.01692005,Tanzania,Tamassa,2016/17,NP,5897.787856,140,50,0
-8.295940899,35.01692005,Tanzania,Tamassa,2016/17,NK,4305.236534,140,0,50
-8.292292403,35.01744189,Tanzania,Tamassa,2016/17,Control,30.47619048,0,0,0
-8.292292403,35.01744189,Tanzania,Tamassa,2016/17,PK,20.8,0,50,50
-8.292292403,35.01744189,Tanzania,Tamassa,2016/17,NPK,1860.220952,140,50,50
-8.292292403,35.01744189,Tanzania,Tamassa,2016/17,NPK+,913.2104455,140,50,50
-8.292292403,35.01744189,Tanzania,Tamassa,2016/17,NP,696.5502646,140,50,0
-8.292292403,35.01744189,Tanzania,Tamassa,2016/17,NK,46.22222222,140,0,50
-8.288360667,35.01149431,Tanzania,Tamassa,2016/17,PK,1908.994709,0,50,50
-8.288360667,35.01149431,Tanzania,Tamassa,2016/17,Control,1579.487179,0,0,0
-8.288360667,35.01149431,Tanzania,Tamassa,2016/17,NPK,2413.957212,140,50,50
-8.288360667,35.01149431,Tanzania,Tamassa,2016/17,NP,1988.380952,140,50,0
-8.288360667,35.01149431,Tanzania,Tamassa,2016/17,NK,1782.349206,140,0,50
-8.27940747,35.00415063,Tanzania,Tamassa,2016/17,Control,4996.513141,0,0,0
-8.27940747,35.00415063,Tanzania,Tamassa,2016/17,PK,4629.200828,0,50,50
-8.27940747,35.00415063,Tanzania,Tamassa,2016/17,NPK+,5800.114695,140,50,50
-8.27940747,35.00415063,Tanzania,Tamassa,2016/17,NPK,5452,140,50,50
-8.27940747,35.00415063,Tanzania,Tamassa,2016/17,NK,3634.285714,140,0,50
-8.27940747,35.00415063,Tanzania,Tamassa,2016/17,NP,3518.004535,140,50,0
-7.922687014,35.53653802,Tanzania,Tamassa,2016/17,PK,4047.469136,0,40,40
-7.922687014,35.53653802,Tanzania,Tamassa,2016/17,Control,3033.336357,0,0,0
-7.922687014,35.53653802,Tanzania,Tamassa,2016/17,NP,5595.005291,120,40,0
-7.922687014,35.53653802,Tanzania,Tamassa,2016/17,NK,5007.272727,120,0,40
-7.922687014,35.53653802,Tanzania,Tamassa,2016/17,NPK,2986.666667,120,40,40
-7.922687014,35.53653802,Tanzania,Tamassa,2016/17,NPK+,2863.223443,120,40,40
-7.905807845,35.42149426,Tanzania,Tamassa,2016/17,PK,638.1496599,0,40,40
-7.905807845,35.42149426,Tanzania,Tamassa,2016/17,Control,621.4196825,0,0,0
-7.905807845,35.42149426,Tanzania,Tamassa,2016/17,NP,2775.12605,120,40,0
-7.905807845,35.42149426,Tanzania,Tamassa,2016/17,NPK,2773.82716,120,40,40
-7.905807845,35.42149426,Tanzania,Tamassa,2016/17,NPK+,1828.469841,120,40,40
-7.905807845,35.42149426,Tanzania,Tamassa,2016/17,NK,1240.477285,120,0,40
-7.896177378,35.42818527,Tanzania,Tamassa,2016/17,PK,1868.398268,0,40,40
-7.896177378,35.42818527,Tanzania,Tamassa,2016/17,Control,1202.051282,0,0,0
-7.896177378,35.42818527,Tanzania,Tamassa,2016/17,NP,3738.233766,120,40,0
-7.896177378,35.42818527,Tanzania,Tamassa,2016/17,NPK+,2875.441595,120,40,40
-7.896177378,35.42818527,Tanzania,Tamassa,2016/17,NPK,2671.692416,120,40,40
-7.896177378,35.42818527,Tanzania,Tamassa,2016/17,NK,2458.673721,120,0,40
-7.862151171,35.47646088,Tanzania,Tamassa,2016/17,PK,613.1428571,0,40,40
-7.862151171,35.47646088,Tanzania,Tamassa,2016/17,Control,208.5925926,0,0,0
-7.862151171,35.47646088,Tanzania,Tamassa,2016/17,NPK+,3705.674309,120,40,40
-7.862151171,35.47646088,Tanzania,Tamassa,2016/17,NPK,1355.277778,120,40,40
-7.862151171,35.47646088,Tanzania,Tamassa,2016/17,NP,742.1714286,120,40,0
-7.862151171,35.47646088,Tanzania,Tamassa,2016/17,NK,241.7927171,120,0,40
-7.8588006,35.4866419,Tanzania,Tamassa,2016/17,Control,1727.571429,0,0,0
-7.8588006,35.4866419,Tanzania,Tamassa,2016/17,PK,1703.619048,0,40,40
-7.8588006,35.4866419,Tanzania,Tamassa,2016/17,NPK+,1345.968254,120,40,40
-7.8588006,35.4866419,Tanzania,Tamassa,2016/17,NPK,920.4244898,120,40,40
-7.8588006,35.4866419,Tanzania,Tamassa,2016/17,NP,777.7391304,120,40,0
-7.8588006,35.4866419,Tanzania,Tamassa,2016/17,NK,767.515873,120,0,40
-7.837613599,35.52461994,Tanzania,Tamassa,2016/17,PK,989.924812,0,40,40
-7.837613599,35.52461994,Tanzania,Tamassa,2016/17,Control,754.3809524,0,0,0
-7.837613599,35.52461994,Tanzania,Tamassa,2016/17,NP,3137.655172,120,40,0
-7.837613599,35.52461994,Tanzania,Tamassa,2016/17,NK,2026.262626,120,0,40
-7.837613599,35.52461994,Tanzania,Tamassa,2016/17,NPK+,2022.228128,120,40,40
-7.837613599,35.52461994,Tanzania,Tamassa,2016/17,NPK,1737.131313,120,40,40
-7.835527913,35.52471447,Tanzania,Tamassa,2016/17,PK,3022.222222,0,40,40
-7.835527913,35.52471447,Tanzania,Tamassa,2016/17,Control,1010.166667,0,0,0
-7.835527913,35.52471447,Tanzania,Tamassa,2016/17,NP,6555.826087,120,40,0
-7.835527913,35.52471447,Tanzania,Tamassa,2016/17,NPK,5684.918519,120,40,40
-7.835527913,35.52471447,Tanzania,Tamassa,2016/17,NK,3856.467836,120,0,40
-7.835527913,35.52471447,Tanzania,Tamassa,2016/17,NPK+,2219.770115,120,40,40
-7.830059953,35.53869903,Tanzania,Tamassa,2016/17,PK,1955.234754,0,40,40
-7.830059953,35.53869903,Tanzania,Tamassa,2016/17,Control,734.6086957,0,0,0
-7.830059953,35.53869903,Tanzania,Tamassa,2016/17,NPK+,6722.055262,120,40,40
-7.830059953,35.53869903,Tanzania,Tamassa,2016/17,NP,6393.038961,120,40,0
-7.830059953,35.53869903,Tanzania,Tamassa,2016/17,NPK,5884.698413,120,40,40
-7.830059953,35.53869903,Tanzania,Tamassa,2016/17,NK,5409.22449,120,0,40
-7.827562572,35.53677639,Tanzania,Tamassa,2016/17,Control,912.5925926,0,0,0
-7.827562572,35.53677639,Tanzania,Tamassa,2016/17,PK,772.5800866,0,40,40
-7.827562572,35.53677639,Tanzania,Tamassa,2016/17,NP,5230.179894,120,40,0
-7.827562572,35.53677639,Tanzania,Tamassa,2016/17,NPK+,4779.772109,120,40,40
-7.827562572,35.53677639,Tanzania,Tamassa,2016/17,NPK,3752.431746,120,40,40
-7.827562572,35.53677639,Tanzania,Tamassa,2016/17,NK,2932.943522,120,0,40
-7.824563256,35.54289036,Tanzania,Tamassa,2016/17,PK,334.6938776,0,40,40
-7.824563256,35.54289036,Tanzania,Tamassa,2016/17,Control,84.14285714,0,0,0
-7.824563256,35.54289036,Tanzania,Tamassa,2016/17,NPK+,1750.857143,120,40,40
-7.824563256,35.54289036,Tanzania,Tamassa,2016/17,NP,1345.939394,120,40,0
-7.824563256,35.54289036,Tanzania,Tamassa,2016/17,NK,1215.685079,120,0,40
-7.824563256,35.54289036,Tanzania,Tamassa,2016/17,NPK,1200.941176,120,40,40
-7.813122951,35.59261102,Tanzania,Tamassa,2016/17,PK,1820.887261,0,40,40
-7.813122951,35.59261102,Tanzania,Tamassa,2016/17,Control,1360.457143,0,0,0
-7.813122951,35.59261102,Tanzania,Tamassa,2016/17,NK,1390.120635,120,0,40
-7.813122951,35.59261102,Tanzania,Tamassa,2016/17,NPK+,1062.244631,120,40,40
-7.813122951,35.59261102,Tanzania,Tamassa,2016/17,NP,914.6428571,120,40,0
-7.813122951,35.59261102,Tanzania,Tamassa,2016/17,NPK,775.2380952,120,40,40
-7.807983366,35.59369233,Tanzania,Tamassa,2016/17,PK,1387.047619,0,40,40
-7.807983366,35.59369233,Tanzania,Tamassa,2016/17,Control,852.6419753,0,0,0
-7.807983366,35.59369233,Tanzania,Tamassa,2016/17,NPK,2410.687831,120,40,40
-7.807983366,35.59369233,Tanzania,Tamassa,2016/17,NP,2072.190476,120,40,0
-7.807983366,35.59369233,Tanzania,Tamassa,2016/17,NPK+,1803.116883,120,40,40
-7.807983366,35.59369233,Tanzania,Tamassa,2016/17,NK,1724.081633,120,0,40
-7.776930291,31.13314643,Tanzania,Tamassa,2016/17,PK,971.6738817,0,50,50
-7.776930291,31.13314643,Tanzania,Tamassa,2016/17,Control,528.7407407,0,0,0
-7.776930291,31.13314643,Tanzania,Tamassa,2016/17,NPK+,4777.111111,140,50,50
-7.776930291,31.13314643,Tanzania,Tamassa,2016/17,NPK,3241.487125,140,50,50
-7.776930291,31.13314643,Tanzania,Tamassa,2016/17,NP,2543.714286,140,50,0
-7.776930291,31.13314643,Tanzania,Tamassa,2016/17,NK,1251.035807,140,0,50
-7.762738162,31.14690598,Tanzania,Tamassa,2016/17,PK,1329.540816,0,50,50
-7.762738162,31.14690598,Tanzania,Tamassa,2016/17,Control,497.9809524,0,0,0
-7.762738162,31.14690598,Tanzania,Tamassa,2016/17,NK,6285.306122,140,0,50
-7.762738162,31.14690598,Tanzania,Tamassa,2016/17,NP,5988.571429,140,50,0
-7.762738162,31.14690598,Tanzania,Tamassa,2016/17,NPK,4365.957447,140,50,50
-7.762738162,31.14690598,Tanzania,Tamassa,2016/17,NPK+,3633.460317,140,50,50
-7.742907343,31.12895064,Tanzania,Tamassa,2016/17,PK,1008.435374,0,50,50
-7.742907343,31.12895064,Tanzania,Tamassa,2016/17,Control,373.3333333,0,0,0
-7.742907343,31.12895064,Tanzania,Tamassa,2016/17,NPK+,11384.7619,140,50,50
-7.742907343,31.12895064,Tanzania,Tamassa,2016/17,NPK,4747.418413,140,50,50
-7.742907343,31.12895064,Tanzania,Tamassa,2016/17,NP,3571.16792,140,50,0
-7.742907343,31.12895064,Tanzania,Tamassa,2016/17,NK,1580.190476,140,0,50
-7.727933118,31.09527261,Tanzania,Tamassa,2016/17,PK,6765.914787,0,50,50
-7.727933118,31.09527261,Tanzania,Tamassa,2016/17,Control,1672.116402,0,0,0
-7.727933118,31.09527261,Tanzania,Tamassa,2016/17,NP,12015.91036,140,50,0
-7.727933118,31.09527261,Tanzania,Tamassa,2016/17,NPK,10605.45381,140,50,50
-7.727933118,31.09527261,Tanzania,Tamassa,2016/17,NPK+,8607.936508,140,50,50
-7.727933118,31.09527261,Tanzania,Tamassa,2016/17,NK,1090.457516,140,0,50
-7.718946226,31.15143696,Tanzania,Tamassa,2016/17,PK,1253.908104,0,50,50
-7.718946226,31.15143696,Tanzania,Tamassa,2016/17,Control,489.7354497,0,0,0
-7.718946226,31.15143696,Tanzania,Tamassa,2016/17,NP,1689.69697,140,50,0
-7.718946226,31.15143696,Tanzania,Tamassa,2016/17,NPK,1640.634921,140,50,50
-7.718946226,31.15143696,Tanzania,Tamassa,2016/17,NPK+,1504.279883,140,50,50
-7.718946226,31.15143696,Tanzania,Tamassa,2016/17,NK,1483.636364,140,0,50
-7.713316945,31.0900244,Tanzania,Tamassa,2016/17,Control,4399.455782,0,0,0
-7.713316945,31.0900244,Tanzania,Tamassa,2016/17,PK,4255.897436,0,50,50
-7.713316945,31.0900244,Tanzania,Tamassa,2016/17,NK,13046.66667,140,0,50
-7.713316945,31.0900244,Tanzania,Tamassa,2016/17,NP,12821.81818,140,50,0
-7.713316945,31.0900244,Tanzania,Tamassa,2016/17,NPK+,12583.78926,140,50,50
-7.713316945,31.0900244,Tanzania,Tamassa,2016/17,NPK,12241.48878,140,50,50
-7.711322951,31.09221052,Tanzania,Tamassa,2016/17,PK,1382.857143,0,50,50
-7.711322951,31.09221052,Tanzania,Tamassa,2016/17,Control,1118.27957,0,0,0
-7.711322951,31.09221052,Tanzania,Tamassa,2016/17,NPK+,4119.917989,140,50,50
-7.711322951,31.09221052,Tanzania,Tamassa,2016/17,NPK,3934.209086,140,50,50
-7.711322951,31.09221052,Tanzania,Tamassa,2016/17,NP,3209.106576,140,50,0
-7.711322951,31.09221052,Tanzania,Tamassa,2016/17,NK,1668.266667,140,0,50
-7.697181417,31.13185416,Tanzania,Tamassa,2016/17,Control,2547.301587,0,0,0
-7.697181417,31.13185416,Tanzania,Tamassa,2016/17,NPK,3975,140,50,50
-7.697181417,31.13185416,Tanzania,Tamassa,2016/17,NPK+,3952.285714,140,50,50
-7.697181417,31.13185416,Tanzania,Tamassa,2016/17,NP,3403.061224,140,50,0
-7.697181417,31.13185416,Tanzania,Tamassa,2016/17,NK,2755,140,0,50
-7.695164147,35.96807127,Tanzania,Tamassa,2016/17,PK,1416.421053,0,40,40
-7.695164147,35.96807127,Tanzania,Tamassa,2016/17,Control,729.1428571,0,0,0
-7.695164147,35.96807127,Tanzania,Tamassa,2016/17,NPK+,3346.738095,120,40,40
-7.695164147,35.96807127,Tanzania,Tamassa,2016/17,NK,2468.883117,120,0,40
-7.695164147,35.96807127,Tanzania,Tamassa,2016/17,NP,2207.604938,120,40,0
-7.695164147,35.96807127,Tanzania,Tamassa,2016/17,NPK,2126.194766,120,40,40
-7.692778071,31.13113112,Tanzania,Tamassa,2016/17,PK,663.7037037,0,50,50
-7.692778071,31.13113112,Tanzania,Tamassa,2016/17,Control,485.7142857,0,0,0
-7.692778071,31.13113112,Tanzania,Tamassa,2016/17,NPK+,3790.940767,140,50,50
-7.692778071,31.13113112,Tanzania,Tamassa,2016/17,NPK,3582.791534,140,50,50
-7.692778071,31.13113112,Tanzania,Tamassa,2016/17,NP,2360.5245,140,50,0
-7.692778071,31.13113112,Tanzania,Tamassa,2016/17,NK,973.7566138,140,0,50
-7.692533327,35.97055794,Tanzania,Tamassa,2016/17,Control,2741.545578,0,0,0
-7.692533327,35.97055794,Tanzania,Tamassa,2016/17,PK,1947.344948,0,40,40
-7.692533327,35.97055794,Tanzania,Tamassa,2016/17,NP,5986.428571,120,40,0
-7.692533327,35.97055794,Tanzania,Tamassa,2016/17,NPK+,5738.666667,120,40,40
-7.692533327,35.97055794,Tanzania,Tamassa,2016/17,NPK,4765.059524,120,40,40
-7.692533327,35.97055794,Tanzania,Tamassa,2016/17,NK,4308.613063,120,0,40
-7.624126991,35.97782269,Tanzania,Tamassa,2016/17,Control,2306.984127,0,0,0
-7.624126991,35.97782269,Tanzania,Tamassa,2016/17,PK,1698.446115,0,40,40
-7.624126991,35.97782269,Tanzania,Tamassa,2016/17,NPK,3370.062893,120,40,40
-7.624126991,35.97782269,Tanzania,Tamassa,2016/17,NK,2433.928571,120,0,40
-7.624126991,35.97782269,Tanzania,Tamassa,2016/17,NP,2155.308642,120,40,0
-7.624126991,35.97782269,Tanzania,Tamassa,2016/17,NPK+,2006.37037,120,40,40
-7.611548675,35.95858431,Tanzania,Tamassa,2016/17,PK,1847.161905,0,40,40
-7.611548675,35.95858431,Tanzania,Tamassa,2016/17,Control,839.6190476,0,0,0
-7.611548675,35.95858431,Tanzania,Tamassa,2016/17,NPK+,3380.571429,120,40,40
-7.611548675,35.95858431,Tanzania,Tamassa,2016/17,NP,3083.259259,120,40,0
-7.611548675,35.95858431,Tanzania,Tamassa,2016/17,NPK,2337.015873,120,40,40
-7.611548675,35.95858431,Tanzania,Tamassa,2016/17,NK,1964.139194,120,0,40
-7.608407543,35.97348939,Tanzania,Tamassa,2016/17,PK,4231.383459,0,40,40
-7.608407543,35.97348939,Tanzania,Tamassa,2016/17,Control,2466.243386,0,0,0
-7.608407543,35.97348939,Tanzania,Tamassa,2016/17,NP,4357.333333,120,40,0
-7.608407543,35.97348939,Tanzania,Tamassa,2016/17,NPK,3171.653061,120,40,40
-7.608407543,35.97348939,Tanzania,Tamassa,2016/17,NK,3101.119048,120,0,40
-7.608407543,35.97348939,Tanzania,Tamassa,2016/17,NPK+,2795.122507,120,40,40
-7.605542412,35.97244565,Tanzania,Tamassa,2016/17,Control,4464.816327,0,0,0
-7.605542412,35.97244565,Tanzania,Tamassa,2016/17,PK,4007.326984,0,40,40
-7.605542412,35.97244565,Tanzania,Tamassa,2016/17,NP,6124.326531,120,40,0
-7.605542412,35.97244565,Tanzania,Tamassa,2016/17,NPK+,5112.838095,120,40,40
-7.605542412,35.97244565,Tanzania,Tamassa,2016/17,NPK,5070.366138,120,40,40
-7.605542412,35.97244565,Tanzania,Tamassa,2016/17,NK,3643.906183,120,0,40
-7.604756124,35.97145373,Tanzania,Tamassa,2016/17,Control,2784,0,0,0
-7.604756124,35.97145373,Tanzania,Tamassa,2016/17,PK,2738.731707,0,40,40
-7.604756124,35.97145373,Tanzania,Tamassa,2016/17,NP,4877.428571,120,40,0
-7.604756124,35.97145373,Tanzania,Tamassa,2016/17,NPK+,4353.238095,120,40,40
-7.604756124,35.97145373,Tanzania,Tamassa,2016/17,NPK,4134.21118,120,40,40
-7.604756124,35.97145373,Tanzania,Tamassa,2016/17,NK,3053.419355,120,0,40
-7.596418995,35.98674224,Tanzania,Tamassa,2016/17,PK,1772.431078,0,40,40
-7.596418995,35.98674224,Tanzania,Tamassa,2016/17,Control,1759.001905,0,0,0
-7.596418995,35.98674224,Tanzania,Tamassa,2016/17,NP,4697.521368,120,40,0
-7.596418995,35.98674224,Tanzania,Tamassa,2016/17,NPK+,3579.784127,120,40,40
-7.596418995,35.98674224,Tanzania,Tamassa,2016/17,NPK,2976.780952,120,40,40
-7.596418995,35.98674224,Tanzania,Tamassa,2016/17,NK,1281.655172,120,0,40
-7.592459607,35.95523631,Tanzania,Tamassa,2016/17,Control,1486.32967,0,0,0
-7.592459607,35.95523631,Tanzania,Tamassa,2016/17,PK,1391.759834,0,40,40
-7.592459607,35.95523631,Tanzania,Tamassa,2016/17,NPK,2647.018196,120,40,40
-7.592459607,35.95523631,Tanzania,Tamassa,2016/17,NPK+,2049.62406,120,40,40
-7.592459607,35.95523631,Tanzania,Tamassa,2016/17,NP,1998.468254,120,40,0
-7.592459607,35.95523631,Tanzania,Tamassa,2016/17,NK,1638.484472,120,0,40
-5.232041432,36.48443529,Tanzania,Tamassa,2016/17,PK,770.7555556,0,30,30
-5.232041432,36.48443529,Tanzania,Tamassa,2016/17,Control,580.3537415,0,0,0
-5.232041432,36.48443529,Tanzania,Tamassa,2016/17,NPK,4192.515633,100,30,30
-5.232041432,36.48443529,Tanzania,Tamassa,2016/17,NPK+,4156.979718,100,30,30
-5.232041432,36.48443529,Tanzania,Tamassa,2016/17,NP,3875.576037,100,30,0
-5.232041432,36.48443529,Tanzania,Tamassa,2016/17,NK,3213.015873,100,0,30
-5.227364529,36.49665195,Tanzania,Tamassa,2016/17,PK,3132.613757,0,30,30
-5.227364529,36.49665195,Tanzania,Tamassa,2016/17,Control,1597.301587,0,0,0
-5.227364529,36.49665195,Tanzania,Tamassa,2016/17,NP,4934.722222,100,30,0
-5.227364529,36.49665195,Tanzania,Tamassa,2016/17,NPK+,4268.262548,100,30,30
-5.227364529,36.49665195,Tanzania,Tamassa,2016/17,NK,4197.514042,100,0,30
-5.227364529,36.49665195,Tanzania,Tamassa,2016/17,NPK,3976.931217,100,30,30
-5.193945829,36.49138422,Tanzania,Tamassa,2016/17,Control,3191.649832,0,0,0
-5.193945829,36.49138422,Tanzania,Tamassa,2016/17,PK,2333.178893,0,30,30
-5.193945829,36.49138422,Tanzania,Tamassa,2016/17,NP,4443.333333,100,30,0
-5.193945829,36.49138422,Tanzania,Tamassa,2016/17,NK,4074.878912,100,0,30
-5.193945829,36.49138422,Tanzania,Tamassa,2016/17,NPK+,3918.132404,100,30,30
-5.193945829,36.49138422,Tanzania,Tamassa,2016/17,NPK,3748.897959,100,30,30
-5.189708975,36.49803319,Tanzania,Tamassa,2016/17,PK,2206.984127,0,30,30
-5.189708975,36.49803319,Tanzania,Tamassa,2016/17,Control,2094.444444,0,0,0
-5.189708975,36.49803319,Tanzania,Tamassa,2016/17,NK,3628.571429,100,0,30
-5.189708975,36.49803319,Tanzania,Tamassa,2016/17,NP,3577.469388,100,30,0
-5.189708975,36.49803319,Tanzania,Tamassa,2016/17,NPK+,3124.477861,100,30,30
-5.189708975,36.49803319,Tanzania,Tamassa,2016/17,NPK,3011.228689,100,30,30
-5.176308877,36.48815793,Tanzania,Tamassa,2016/17,PK,5099.77591,0,30,30
-5.176308877,36.48815793,Tanzania,Tamassa,2016/17,Control,4777.614907,0,0,0
-5.176308877,36.48815793,Tanzania,Tamassa,2016/17,NPK+,5532.085901,100,30,30
-5.176308877,36.48815793,Tanzania,Tamassa,2016/17,NP,5407.709751,100,30,0
-5.176308877,36.48815793,Tanzania,Tamassa,2016/17,NK,4986.546366,100,0,30
-5.176308877,36.48815793,Tanzania,Tamassa,2016/17,NPK,4505.6,100,30,30
-5.149087747,36.44025476,Tanzania,Tamassa,2016/17,PK,3032.816327,0,30,30
-5.149087747,36.44025476,Tanzania,Tamassa,2016/17,Control,2873.809524,0,0,0
-5.149087747,36.44025476,Tanzania,Tamassa,2016/17,NPK,5512.222222,100,30,30
-5.149087747,36.44025476,Tanzania,Tamassa,2016/17,NPK+,4573.333333,100,30,30
-5.149087747,36.44025476,Tanzania,Tamassa,2016/17,NP,3768.529101,100,30,0
-5.149087747,36.44025476,Tanzania,Tamassa,2016/17,NK,3246.222222,100,0,30
-5.137146628,36.33107263,Tanzania,Tamassa,2016/17,Control,1557.818182,0,0,0
-5.137146628,36.33107263,Tanzania,Tamassa,2016/17,PK,729.6507937,0,30,30
-5.137146628,36.33107263,Tanzania,Tamassa,2016/17,NP,2924,100,30,0
-5.137146628,36.33107263,Tanzania,Tamassa,2016/17,NPK+,2813.698842,100,30,30
-5.137146628,36.33107263,Tanzania,Tamassa,2016/17,NPK,2588.943623,100,30,30
-5.137146628,36.33107263,Tanzania,Tamassa,2016/17,NK,1853.460317,100,0,30
-5.136815807,36.41499421,Tanzania,Tamassa,2016/17,Control,2953.535354,0,0,0
-5.136815807,36.41499421,Tanzania,Tamassa,2016/17,PK,2228.166667,0,30,30
-5.136815807,36.41499421,Tanzania,Tamassa,2016/17,NP,2540.085901,100,30,0
-5.136815807,36.41499421,Tanzania,Tamassa,2016/17,NPK,2040.797721,100,30,30
-5.136815807,36.41499421,Tanzania,Tamassa,2016/17,NK,2009.806452,100,0,30
-5.136815807,36.41499421,Tanzania,Tamassa,2016/17,NPK+,1848.461153,100,30,30
-4.484990786,35.50033275,Tanzania,Tamassa,2016/17,PK,4371.70068,0,50,50
-4.484990786,35.50033275,Tanzania,Tamassa,2016/17,Control,3917.608466,0,0,0
-4.484990786,35.50033275,Tanzania,Tamassa,2016/17,NK,8261.994832,140,0,50
-4.484990786,35.50033275,Tanzania,Tamassa,2016/17,NP,7262.315789,140,50,0
-4.484990786,35.50033275,Tanzania,Tamassa,2016/17,NPK+,5725.340803,140,50,50
-4.484990786,35.50033275,Tanzania,Tamassa,2016/17,NPK,5629.62963,140,50,50
-4.483723623,35.52869485,Tanzania,Tamassa,2016/17,PK,4012.311111,0,30,30
-4.483723623,35.52869485,Tanzania,Tamassa,2016/17,Control,837.5714286,0,0,0
-4.483723623,35.52869485,Tanzania,Tamassa,2016/17,NP,5094.598291,100,30,0
-4.483723623,35.52869485,Tanzania,Tamassa,2016/17,NPK+,4694.857143,100,30,30
-4.483723623,35.52869485,Tanzania,Tamassa,2016/17,NK,3948.698413,100,0,30
-4.483723623,35.52869485,Tanzania,Tamassa,2016/17,NPK,3725.037037,100,30,30
-4.473202918,35.53204488,Tanzania,Tamassa,2016/17,Control,8917.333333,0,0,0
-4.473202918,35.53204488,Tanzania,Tamassa,2016/17,PK,4497.128748,0,30,30
-4.473202918,35.53204488,Tanzania,Tamassa,2016/17,NP,9881.142857,100,30,0
-4.473202918,35.53204488,Tanzania,Tamassa,2016/17,NK,9311.246561,100,0,30
-4.473202918,35.53204488,Tanzania,Tamassa,2016/17,NPK,5710.538642,100,30,30
-4.473202918,35.53204488,Tanzania,Tamassa,2016/17,NPK+,3330.829932,100,30,30
-4.471977647,35.4733541,Tanzania,Tamassa,2016/17,PK,9584.415584,0,50,50
-4.471977647,35.4733541,Tanzania,Tamassa,2016/17,Control,9112.571429,0,0,0
-4.471977647,35.4733541,Tanzania,Tamassa,2016/17,NK,9378.567901,140,0,50
-4.471977647,35.4733541,Tanzania,Tamassa,2016/17,NP,8914.676329,140,50,0
-4.471977647,35.4733541,Tanzania,Tamassa,2016/17,NPK,8420.985507,140,50,50
-4.471977647,35.4733541,Tanzania,Tamassa,2016/17,NPK+,8058.981366,140,50,50
-4.471089626,35.4817743,Tanzania,Tamassa,2016/17,Control,6821.196581,0,0,0
-4.471089626,35.4817743,Tanzania,Tamassa,2016/17,PK,4155.559934,0,50,50
-4.471089626,35.4817743,Tanzania,Tamassa,2016/17,NK,8181.274725,140,0,50
-4.471089626,35.4817743,Tanzania,Tamassa,2016/17,NPK+,6080.767347,140,50,50
-4.471089626,35.4817743,Tanzania,Tamassa,2016/17,NPK,5374.588235,140,50,50
-4.471089626,35.4817743,Tanzania,Tamassa,2016/17,NP,4874.594595,140,50,0
-4.469953397,35.50656139,Tanzania,Tamassa,2016/17,Control,8384.444444,0,0,0
-4.469953397,35.50656139,Tanzania,Tamassa,2016/17,PK,7658.534161,0,50,50
-4.469953397,35.50656139,Tanzania,Tamassa,2016/17,NPK+,9789.585149,140,50,50
-4.469953397,35.50656139,Tanzania,Tamassa,2016/17,NP,9643.333333,140,50,0
-4.469953397,35.50656139,Tanzania,Tamassa,2016/17,NPK,9639.717813,140,50,50
-4.469953397,35.50656139,Tanzania,Tamassa,2016/17,NK,9313.852932,140,0,50
-4.469704387,35.52983043,Tanzania,Tamassa,2016/17,Control,4660.582011,0,0,0
-4.469704387,35.52983043,Tanzania,Tamassa,2016/17,NK,5563.218391,100,0,30
-4.469704387,35.52983043,Tanzania,Tamassa,2016/17,NPK,5216.507937,100,30,30
-4.429363169,35.50771227,Tanzania,Tamassa,2016/17,PK,8299.836735,0,50,50
-4.429363169,35.50771227,Tanzania,Tamassa,2016/17,Control,5294.385965,0,0,0
-4.429363169,35.50771227,Tanzania,Tamassa,2016/17,NPK,6270.250729,140,50,50
-4.429363169,35.50771227,Tanzania,Tamassa,2016/17,NPK+,6090.915231,140,50,50
-4.429363169,35.50771227,Tanzania,Tamassa,2016/17,NK,5790.233766,140,0,50
-4.429363169,35.50771227,Tanzania,Tamassa,2016/17,NP,5392.592593,140,50,0
-4.406622489,35.53985888,Tanzania,Tamassa,2016/17,Control,6309.925926,0,0,0
-4.406622489,35.53985888,Tanzania,Tamassa,2016/17,PK,5335.655329,0,40,40
-4.406622489,35.53985888,Tanzania,Tamassa,2016/17,NPK+,6999.365079,120,40,40
-4.406622489,35.53985888,Tanzania,Tamassa,2016/17,NP,5906.42963,120,40,0
-4.406622489,35.53985888,Tanzania,Tamassa,2016/17,NPK,5653.12,120,40,40
-4.406622489,35.53985888,Tanzania,Tamassa,2016/17,NK,5301.476825,120,0,40
-4.395614004,35.54747126,Tanzania,Tamassa,2016/17,PK,5309.410628,0,40,40
-4.395614004,35.54747126,Tanzania,Tamassa,2016/17,Control,5286.730159,0,0,0
-4.395614004,35.54747126,Tanzania,Tamassa,2016/17,NPK,6875.804878,120,40,40
-4.395614004,35.54747126,Tanzania,Tamassa,2016/17,NPK+,5766,120,40,40
-4.395614004,35.54747126,Tanzania,Tamassa,2016/17,NP,5684.120505,120,40,0
-4.395614004,35.54747126,Tanzania,Tamassa,2016/17,NK,5431.980676,120,0,40
-4.38987205,35.55105701,Tanzania,Tamassa,2016/17,Control,3196.987013,0,0,0
-4.38987205,35.55105701,Tanzania,Tamassa,2016/17,PK,2251.68254,0,40,40
-4.38987205,35.55105701,Tanzania,Tamassa,2016/17,NPK+,5420.466125,120,40,40
-4.38987205,35.55105701,Tanzania,Tamassa,2016/17,NPK,5402.959707,120,40,40
-4.38987205,35.55105701,Tanzania,Tamassa,2016/17,NK,5015.04607,120,0,40
-4.38987205,35.55105701,Tanzania,Tamassa,2016/17,NP,4795.137255,120,40,0
-4.309019684,35.65203865,Tanzania,Tamassa,2016/17,PK,4226.43956,0,40,40
-4.309019684,35.65203865,Tanzania,Tamassa,2016/17,Control,4036.605042,0,0,0
-4.309019684,35.65203865,Tanzania,Tamassa,2016/17,NPK+,8910.92517,120,40,40
-4.309019684,35.65203865,Tanzania,Tamassa,2016/17,NP,7233.333333,120,40,0
-4.309019684,35.65203865,Tanzania,Tamassa,2016/17,NPK,6394.650206,120,40,40
-4.309019684,35.65203865,Tanzania,Tamassa,2016/17,NK,5219.485495,120,0,40
-4.307131472,35.66178863,Tanzania,Tamassa,2016/17,Control,5409.537493,0,0,0
-4.307131472,35.66178863,Tanzania,Tamassa,2016/17,PK,4902.008439,0,40,40
-4.307131472,35.66178863,Tanzania,Tamassa,2016/17,NPK+,7351.428571,120,40,40
-4.307131472,35.66178863,Tanzania,Tamassa,2016/17,NP,7047.901235,120,40,0
-4.307131472,35.66178863,Tanzania,Tamassa,2016/17,NPK,7047.413127,120,40,40
-4.307131472,35.66178863,Tanzania,Tamassa,2016/17,NK,5622.480894,120,0,40
-4.280675656,35.63034312,Tanzania,Tamassa,2016/17,Control,1517.714286,0,0,0
-4.280675656,35.63034312,Tanzania,Tamassa,2016/17,PK,1451.14787,0,40,40
-4.280675656,35.63034312,Tanzania,Tamassa,2016/17,NPK,8275.355054,120,40,40
-4.280675656,35.63034312,Tanzania,Tamassa,2016/17,NK,7459.054945,120,0,40
-4.280675656,35.63034312,Tanzania,Tamassa,2016/17,NPK+,6532.353741,120,40,40
-4.280675656,35.63034312,Tanzania,Tamassa,2016/17,NP,6333.370682,120,40,0
-4.27095375,35.58038784,Tanzania,Tamassa,2016/17,PK,4345,0,50,50
-4.27095375,35.58038784,Tanzania,Tamassa,2016/17,Control,4012.365508,0,0,0
-4.27095375,35.58038784,Tanzania,Tamassa,2016/17,NP,8445.645646,140,50,0
-4.27095375,35.58038784,Tanzania,Tamassa,2016/17,NK,7674.126984,140,0,50
-4.27095375,35.58038784,Tanzania,Tamassa,2016/17,NPK+,5864.444444,140,50,50
-4.27095375,35.58038784,Tanzania,Tamassa,2016/17,NPK,5864.444444,140,50,50
-4.270398967,35.57299311,Tanzania,Tamassa,2016/17,Control,10400,0,0,0
-4.270398967,35.57299311,Tanzania,Tamassa,2016/17,PK,9422.92437,0,,
-4.249960244,35.70708902,Tanzania,Tamassa,2016/17,Control,8234.258242,0,0,0
-4.249960244,35.70708902,Tanzania,Tamassa,2016/17,PK,7609.41891,0,40,40
-4.249960244,35.70708902,Tanzania,Tamassa,2016/17,NP,6917.006803,120,40,0
-4.249960244,35.70708902,Tanzania,Tamassa,2016/17,NPK+,6833.94958,120,40,40
-4.249960244,35.70708902,Tanzania,Tamassa,2016/17,NPK,5327.394958,120,40,40
-4.249960244,35.70708902,Tanzania,Tamassa,2016/17,NK,5259.943978,120,0,40
-4.246935763,35.70336736,Tanzania,Tamassa,2016/17,PK,10816.19048,0,40,40
-4.246935763,35.70336736,Tanzania,Tamassa,2016/17,Control,4272.026786,0,0,0
-4.246935763,35.70336736,Tanzania,Tamassa,2016/17,NPK,9860.040404,120,40,40
-4.246935763,35.70336736,Tanzania,Tamassa,2016/17,NPK+,8357.968254,120,40,40
-4.246935763,35.70336736,Tanzania,Tamassa,2016/17,NP,8004.888889,120,40,0
-4.246935763,35.70336736,Tanzania,Tamassa,2016/17,NK,5493.442177,120,0,40
-4.232378904,35.71932036,Tanzania,Tamassa,2016/17,Control,8910.92517,0,0,0
-4.232378904,35.71932036,Tanzania,Tamassa,2016/17,PK,2664,0,40,40
-4.232378904,35.71932036,Tanzania,Tamassa,2016/17,NP,6609.259259,120,40,0
-4.232378904,35.71932036,Tanzania,Tamassa,2016/17,NPK+,6454.271062,120,40,40
-4.232378904,35.71932036,Tanzania,Tamassa,2016/17,NPK,6041.202614,120,40,40
-4.232378904,35.71932036,Tanzania,Tamassa,2016/17,NK,4610.994152,120,0,40
-4.223559833,35.55785262,Tanzania,Tamassa,2016/17,PK,4208.198758,0,30,30
-4.223559833,35.55785262,Tanzania,Tamassa,2016/17,Control,3495.2,0,0,0
-4.223559833,35.55785262,Tanzania,Tamassa,2016/17,NP,10614.16054,100,30,0
-4.223559833,35.55785262,Tanzania,Tamassa,2016/17,NPK,8268.891429,100,30,30
-4.223559833,35.55785262,Tanzania,Tamassa,2016/17,NK,6404.232804,100,0,30
-4.223559833,35.55785262,Tanzania,Tamassa,2016/17,NPK+,6219.257143,100,30,30
-4.222832289,35.54773315,Tanzania,Tamassa,2016/17,PK,4654.928571,0,50,50
-4.222832289,35.54773315,Tanzania,Tamassa,2016/17,Control,4396.036036,0,0,0
-4.222832289,35.54773315,Tanzania,Tamassa,2016/17,NPK+,8332.814286,140,50,50
-4.222832289,35.54773315,Tanzania,Tamassa,2016/17,NPK,8270.47619,140,50,50
-4.222832289,35.54773315,Tanzania,Tamassa,2016/17,NP,6305.542484,140,50,0
-4.222832289,35.54773315,Tanzania,Tamassa,2016/17,NK,6172.268908,140,0,50
-4.221652288,35.377007,Tanzania,Tamassa,2016/17,Control,12794.99415,0,0,0
-4.221652288,35.377007,Tanzania,Tamassa,2016/17,PK,7284.821429,0,50,50
-4.221652288,35.377007,Tanzania,Tamassa,2016/17,NPK,7638.603175,140,50,50
-4.221652288,35.377007,Tanzania,Tamassa,2016/17,NP,7239.62149,140,50,0
-4.221652288,35.377007,Tanzania,Tamassa,2016/17,NPK+,5653.703704,140,50,50
-4.221652288,35.377007,Tanzania,Tamassa,2016/17,NK,5579.503268,140,0,50
-4.184634412,35.68960828,Tanzania,Tamassa,2016/17,Control,3026.181818,0,0,0
-4.184634412,35.68960828,Tanzania,Tamassa,2016/17,PK,2580.929293,0,30,30
-4.184634412,35.68960828,Tanzania,Tamassa,2016/17,NPK+,6947.222222,100,30,30
-4.184634412,35.68960828,Tanzania,Tamassa,2016/17,NK,6113.882353,100,0,30
-4.184634412,35.68960828,Tanzania,Tamassa,2016/17,NPK,5146.619981,100,30,30
-4.184634412,35.68960828,Tanzania,Tamassa,2016/17,NP,5067.235556,100,30,0
-4.003426133,35.34775319,Tanzania,Tamassa,2016/17,Control,3973.00207,0,0,0
-4.003426133,35.34775319,Tanzania,Tamassa,2016/17,PK,3916.483516,0,30,30
-4.003426133,35.34775319,Tanzania,Tamassa,2016/17,NK,6514.739229,100,0,30
-4.003426133,35.34775319,Tanzania,Tamassa,2016/17,NP,5919.642857,100,30,0
-4.003426133,35.34775319,Tanzania,Tamassa,2016/17,NPK,5611.764706,100,30,30
-4.003426133,35.34775319,Tanzania,Tamassa,2016/17,NPK+,5300.881834,100,30,30
-3.986197948,35.33949347,Tanzania,Tamassa,2016/17,PK,7085.714286,0,40,40
-3.986197948,35.33949347,Tanzania,Tamassa,2016/17,Control,6408.403361,0,0,0
-3.986197948,35.33949347,Tanzania,Tamassa,2016/17,NPK,8535.483871,120,40,40
-3.986197948,35.33949347,Tanzania,Tamassa,2016/17,NP,7879.130435,120,40,0
-3.986197948,35.33949347,Tanzania,Tamassa,2016/17,NPK+,6699.285714,120,40,40
-3.986197948,35.33949347,Tanzania,Tamassa,2016/17,NK,6691.388045,120,0,40
-3.953953129,35.39721511,Tanzania,Tamassa,2016/17,Control,3465.319865,0,0,0
-3.953953129,35.39721511,Tanzania,Tamassa,2016/17,PK,2716.049383,0,30,30
-3.953953129,35.39721511,Tanzania,Tamassa,2016/17,NPK,6717.325228,100,30,30
-3.953953129,35.39721511,Tanzania,Tamassa,2016/17,NK,5555.555556,100,0,30
-3.953953129,35.39721511,Tanzania,Tamassa,2016/17,NPK+,5198.941799,100,30,30
-3.953953129,35.39721511,Tanzania,Tamassa,2016/17,NP,3210.731053,100,30,0
-3.935533713,35.41905834,Tanzania,Tamassa,2016/17,Control,3617.042607,0,0,0
-3.935533713,35.41905834,Tanzania,Tamassa,2016/17,PK,1366.666667,0,40,40
-3.935533713,35.41905834,Tanzania,Tamassa,2016/17,NK,8118,120,0,40
-3.935533713,35.41905834,Tanzania,Tamassa,2016/17,NP,6495.828719,120,40,0
-3.935533713,35.41905834,Tanzania,Tamassa,2016/17,NPK,6435.37415,120,40,40
-3.935533713,35.41905834,Tanzania,Tamassa,2016/17,NPK+,5849.52381,120,40,40
-3.916586544,35.46318693,Tanzania,Tamassa,2016/17,PK,3697.2,0,,
-3.916586544,35.46318693,Tanzania,Tamassa,2016/17,Control,3417.027417,0,0,0
-3.915559168,35.46934323,Tanzania,Tamassa,2016/17,PK,2551.679587,0,40,40
-3.915559168,35.46934323,Tanzania,Tamassa,2016/17,Control,1944.930353,0,0,0
-3.915559168,35.46934323,Tanzania,Tamassa,2016/17,NPK+,7404.200244,120,40,40
-3.915559168,35.46934323,Tanzania,Tamassa,2016/17,NPK,7396.960486,120,40,40
-3.915559168,35.46934323,Tanzania,Tamassa,2016/17,NP,7273.015873,120,40,0
-3.915559168,35.46934323,Tanzania,Tamassa,2016/17,NK,3227.936508,120,0,40
-3.855697409,35.48257398,Tanzania,Tamassa,2016/17,Control,8994.708995,0,0,0
-3.855697409,35.48257398,Tanzania,Tamassa,2016/17,PK,6082.501434,0,,
-3.849124009,35.46778467,Tanzania,Tamassa,2016/17,PK,5823.174603,0,40,40
-3.849124009,35.46778467,Tanzania,Tamassa,2016/17,Control,4699.063899,0,0,0
-3.849124009,35.46778467,Tanzania,Tamassa,2016/17,NPK,8268.199234,120,40,40
-3.849124009,35.46778467,Tanzania,Tamassa,2016/17,NK,7288.888889,120,0,40
-3.849124009,35.46778467,Tanzania,Tamassa,2016/17,NP,7071.428571,120,40,0
-3.849124009,35.46778467,Tanzania,Tamassa,2016/17,NPK+,6747.428571,120,40,40
-3.812789195,35.53631189,Tanzania,Tamassa,2016/17,Control,9386.666667,0,0,0
-3.812789195,35.53631189,Tanzania,Tamassa,2016/17,PK,7744.444444,0,,
-3.807180486,35.52709808,Tanzania,Tamassa,2016/17,Control,10341.70274,0,0,0
-3.807180486,35.52709808,Tanzania,Tamassa,2016/17,PK,5066.666667,0,,
-3.781059514,35.50256697,Tanzania,Tamassa,2016/17,PK,6214.975845,0,50,50
-3.781059514,35.50256697,Tanzania,Tamassa,2016/17,Control,5333.333333,0,0,0
-3.781059514,35.50256697,Tanzania,Tamassa,2016/17,NK,9965.277778,140,0,50
-3.781059514,35.50256697,Tanzania,Tamassa,2016/17,NP,9447.004608,140,50,0
-3.781059514,35.50256697,Tanzania,Tamassa,2016/17,NPK+,8782.513661,140,50,50
-3.781059514,35.50256697,Tanzania,Tamassa,2016/17,NPK,2997.370727,140,50,50
-3.770009804,35.50395879,Tanzania,Tamassa,2016/17,PK,6214.975845,0,40,40
-3.770009804,35.50395879,Tanzania,Tamassa,2016/17,Control,5887.445887,0,0,0
-3.770009804,35.50395879,Tanzania,Tamassa,2016/17,NK,9965.277778,120,0,40
-3.770009804,35.50395879,Tanzania,Tamassa,2016/17,NP,9447.004608,120,40,0
-3.770009804,35.50395879,Tanzania,Tamassa,2016/17,NPK+,8782.513661,120,40,40
-3.770009804,35.50395879,Tanzania,Tamassa,2016/17,NPK,4323.640961,120,40,40
-3.769062332,37.61616581,Tanzania,Tamassa,2016/17,PK,590.5777778,0,30,30
-3.769062332,37.61616581,Tanzania,Tamassa,2016/17,Control,190.4761905,0,0,0
-3.769062332,37.61616581,Tanzania,Tamassa,2016/17,NK,3572,100,0,30
-3.769062332,37.61616581,Tanzania,Tamassa,2016/17,NPK+,3538.81137,100,30,30
-3.769062332,37.61616581,Tanzania,Tamassa,2016/17,NP,3151.769657,100,30,0
-3.769062332,37.61616581,Tanzania,Tamassa,2016/17,NPK,2286.849673,100,30,30
-3.744915076,37.6006307,Tanzania,Tamassa,2016/17,PK,1967.648352,0,30,30
-3.744915076,37.6006307,Tanzania,Tamassa,2016/17,Control,1745.185185,0,0,0
-3.744915076,37.6006307,Tanzania,Tamassa,2016/17,NPK,2924,100,30,30
-3.744915076,37.6006307,Tanzania,Tamassa,2016/17,NP,2780.8,100,30,0
-3.744915076,37.6006307,Tanzania,Tamassa,2016/17,NPK+,2646.393162,100,30,30
-3.744915076,37.6006307,Tanzania,Tamassa,2016/17,NK,2315.020408,100,0,30
-3.709518857,37.59002549,Tanzania,Tamassa,2016/17,PK,1298.675132,0,30,30
-3.709518857,37.59002549,Tanzania,Tamassa,2016/17,Control,1000.149068,0,0,0
-3.709518857,37.59002549,Tanzania,Tamassa,2016/17,NK,1845.03873,100,0,30
-3.709518857,37.59002549,Tanzania,Tamassa,2016/17,NPK,1496.857143,100,30,30
-3.709518857,37.59002549,Tanzania,Tamassa,2016/17,NP,1306.097506,100,30,0
-3.709518857,37.59002549,Tanzania,Tamassa,2016/17,NPK+,857.242236,100,30,30
-3.653988198,37.62071823,Tanzania,Tamassa,2016/17,PK,3037.612698,0,30,30
-3.653988198,37.62071823,Tanzania,Tamassa,2016/17,Control,1690.973545,0,0,0
-3.653988198,37.62071823,Tanzania,Tamassa,2016/17,NPK,4133.765766,100,30,30
-3.653988198,37.62071823,Tanzania,Tamassa,2016/17,NPK+,3872.624113,100,30,30
-3.653988198,37.62071823,Tanzania,Tamassa,2016/17,NP,2804.761905,100,30,0
-3.653988198,37.62071823,Tanzania,Tamassa,2016/17,NK,2370.068027,100,0,30
-3.6452516,37.6432342,Tanzania,Tamassa,2016/17,Control,1426.760729,0,0,0
-3.6452516,37.6432342,Tanzania,Tamassa,2016/17,PK,1369.608466,0,30,30
-3.6452516,37.6432342,Tanzania,Tamassa,2016/17,NK,2474.83871,100,0,30
-3.6452516,37.6432342,Tanzania,Tamassa,2016/17,NPK,1889.85151,100,30,30
-3.6452516,37.6432342,Tanzania,Tamassa,2016/17,NP,1793.650794,100,30,0
-3.6452516,37.6432342,Tanzania,Tamassa,2016/17,NPK+,1634.461538,100,30,30
-3.643893945,37.61652248,Tanzania,Tamassa,2016/17,PK,3377.653061,0,30,30
-3.643893945,37.61652248,Tanzania,Tamassa,2016/17,Control,2631.449735,0,0,0
-3.643893945,37.61652248,Tanzania,Tamassa,2016/17,NPK+,6095.857143,100,30,30
-3.643893945,37.61652248,Tanzania,Tamassa,2016/17,NK,4476.024845,100,0,30
-3.643893945,37.61652248,Tanzania,Tamassa,2016/17,NPK,4002.515723,100,30,30
-3.643893945,37.61652248,Tanzania,Tamassa,2016/17,NP,3090.60447,100,30,0
-3.488620088,37.44791992,Tanzania,Tamassa,2016/17,PK,5933.221289,0,30,30
-3.488620088,37.44791992,Tanzania,Tamassa,2016/17,Control,5880.737589,0,0,0
-3.488620088,37.44791992,Tanzania,Tamassa,2016/17,NP,5615.564214,100,30,0
-3.488620088,37.44791992,Tanzania,Tamassa,2016/17,NK,5477.822102,100,0,30
-3.488620088,37.44791992,Tanzania,Tamassa,2016/17,NPK,5440.634921,100,30,30
-3.488620088,37.44791992,Tanzania,Tamassa,2016/17,NPK+,5320.415584,100,30,30
-3.469609295,37.54469951,Tanzania,Tamassa,2016/17,Control,2638.585034,0,0,0
-3.469609295,37.54469951,Tanzania,Tamassa,2016/17,PK,1814.805195,0,40,40
-3.469609295,37.54469951,Tanzania,Tamassa,2016/17,NK,3205.09575,120,0,40
-3.469609295,37.54469951,Tanzania,Tamassa,2016/17,NP,2664.942761,120,40,0
-3.469609295,37.54469951,Tanzania,Tamassa,2016/17,NPK+,2399.885714,120,40,40
-3.469609295,37.54469951,Tanzania,Tamassa,2016/17,NPK,2050.721088,120,40,40
-3.456869433,37.52858005,Tanzania,Tamassa,2016/17,Control,5153.693878,0,0,0
-3.456869433,37.52858005,Tanzania,Tamassa,2016/17,PK,4533.481074,0,30,30
-3.456869433,37.52858005,Tanzania,Tamassa,2016/17,NK,5665.859564,100,0,30
-3.456869433,37.52858005,Tanzania,Tamassa,2016/17,NP,5606.119262,100,30,0
-3.456869433,37.52858005,Tanzania,Tamassa,2016/17,NPK,5591.097744,100,30,30
-3.456869433,37.52858005,Tanzania,Tamassa,2016/17,NPK+,5488.335893,100,30,30
-3.454514523,36.85011832,Tanzania,Tamassa,2016/17,PK,1477.530864,0,30,30
-3.454514523,36.85011832,Tanzania,Tamassa,2016/17,Control,60.06349206,0,0,0
-3.454514523,36.85011832,Tanzania,Tamassa,2016/17,NK,4738.736638,100,0,30
-3.454514523,36.85011832,Tanzania,Tamassa,2016/17,NPK+,3363.265306,100,30,30
-3.454514523,36.85011832,Tanzania,Tamassa,2016/17,NP,3126.857143,100,30,0
-3.454514523,36.85011832,Tanzania,Tamassa,2016/17,NPK,2421.164021,100,30,30
-3.452695837,36.84345385,Tanzania,Tamassa,2016/17,PK,4949.227723,0,30,30
-3.452695837,36.84345385,Tanzania,Tamassa,2016/17,Control,3264.160401,0,0,0
-3.452695837,36.84345385,Tanzania,Tamassa,2016/17,NK,5127.969925,100,0,30
-3.452695837,36.84345385,Tanzania,Tamassa,2016/17,NPK+,4845.326984,100,30,30
-3.452695837,36.84345385,Tanzania,Tamassa,2016/17,NP,4803.450849,100,30,0
-3.452695837,36.84345385,Tanzania,Tamassa,2016/17,NPK,4765.002695,100,30,30
-3.452433965,36.85288168,Tanzania,Tamassa,2016/17,Control,4169.623583,0,0,0
-3.452433965,36.85288168,Tanzania,Tamassa,2016/17,PK,3461.180952,0,30,30
-3.452433965,36.85288168,Tanzania,Tamassa,2016/17,NP,5367.703704,100,30,0
-3.452433965,36.85288168,Tanzania,Tamassa,2016/17,NPK+,5306.823529,100,30,30
-3.452433965,36.85288168,Tanzania,Tamassa,2016/17,NK,5142.289602,100,0,30
-3.452433965,36.85288168,Tanzania,Tamassa,2016/17,NPK,4738.736638,100,30,30
-3.449639492,37.53759202,Tanzania,Tamassa,2016/17,Control,5886.891775,0,0,0
-3.449639492,37.53759202,Tanzania,Tamassa,2016/17,PK,3826.208791,0,30,30
-3.449639492,37.53759202,Tanzania,Tamassa,2016/17,NPK+,6553.351648,100,30,30
-3.449639492,37.53759202,Tanzania,Tamassa,2016/17,NP,6089.142857,100,30,0
-3.449639492,37.53759202,Tanzania,Tamassa,2016/17,NK,6029.609195,100,0,30
-3.449639492,37.53759202,Tanzania,Tamassa,2016/17,NPK,5732.847675,100,30,30
-3.448396191,35.59222801,Tanzania,Tamassa,2016/17,Control,1592.592593,0,0,0
-3.448396191,35.59222801,Tanzania,Tamassa,2016/17,NPK,5846.991028,100,30,30
-3.448396191,35.59222801,Tanzania,Tamassa,2016/17,NK,5651.330612,100,0,30
-3.448396191,35.59222801,Tanzania,Tamassa,2016/17,NP,5489.350368,100,30,0
-3.448396191,35.59222801,Tanzania,Tamassa,2016/17,NPK+,5408.761905,100,30,30
-3.446068333,37.40868822,Tanzania,Tamassa,2016/17,Control,2686.419753,0,0,0
-3.446068333,37.40868822,Tanzania,Tamassa,2016/17,PK,1790.984127,0,40,40
-3.446068333,37.40868822,Tanzania,Tamassa,2016/17,NPK+,5622.206349,120,40,40
-3.446068333,37.40868822,Tanzania,Tamassa,2016/17,NK,5197.412698,120,0,40
-3.446068333,37.40868822,Tanzania,Tamassa,2016/17,NP,2613.029478,120,40,0
-3.446068333,37.40868822,Tanzania,Tamassa,2016/17,NPK,1119.686275,120,40,40
-3.436604304,36.91445863,Tanzania,Tamassa,2016/17,PK,1441.221741,0,30,30
-3.436604304,36.91445863,Tanzania,Tamassa,2016/17,NPK,4472.420024,100,30,30
-3.436604304,36.91445863,Tanzania,Tamassa,2016/17,NPK+,3307.906977,100,30,30
-3.436604304,36.91445863,Tanzania,Tamassa,2016/17,NP,3034.275794,100,30,0
-3.436604304,36.91445863,Tanzania,Tamassa,2016/17,NK,1538.133333,100,0,30
-3.43080313,35.58359785,Tanzania,Tamassa,2016/17,PK,5558.961039,0,30,30
-3.43080313,35.58359785,Tanzania,Tamassa,2016/17,Control,3599.741935,0,0,0
-3.43080313,35.58359785,Tanzania,Tamassa,2016/17,NP,6081.103448,100,30,0
-3.43080313,35.58359785,Tanzania,Tamassa,2016/17,NK,5270.687831,100,0,30
-3.43080313,35.58359785,Tanzania,Tamassa,2016/17,NPK,4535.818383,100,30,30
-3.43080313,35.58359785,Tanzania,Tamassa,2016/17,NPK+,4202.48433,100,30,30
-3.427240423,37.39343959,Tanzania,Tamassa,2016/17,Control,4493.176471,0,0,0
-3.427240423,37.39343959,Tanzania,Tamassa,2016/17,PK,3863.477954,0,40,40
-3.427240423,37.39343959,Tanzania,Tamassa,2016/17,NP,4668.571429,120,40,0
-3.427240423,37.39343959,Tanzania,Tamassa,2016/17,NK,4468.659901,120,0,40
-3.427240423,37.39343959,Tanzania,Tamassa,2016/17,NPK,4425.059361,120,40,40
-3.427240423,37.39343959,Tanzania,Tamassa,2016/17,NPK+,3912.156863,120,40,40
-3.42254343,35.63924457,Tanzania,Tamassa,2016/17,Control,2246.956522,0,0,0
-3.42254343,35.63924457,Tanzania,Tamassa,2016/17,PK,2242.807018,0,30,30
-3.42254343,35.63924457,Tanzania,Tamassa,2016/17,NPK,5054.465148,100,30,30
-3.42254343,35.63924457,Tanzania,Tamassa,2016/17,NP,4955.428571,100,30,0
-3.42254343,35.63924457,Tanzania,Tamassa,2016/17,NK,4715.083333,100,0,30
-3.42254343,35.63924457,Tanzania,Tamassa,2016/17,NPK+,1684.017316,100,30,30
-3.388308315,36.96646116,Tanzania,Tamassa,2016/17,Control,3803.290043,0,0,0
-3.388308315,36.96646116,Tanzania,Tamassa,2016/17,PK,3689.814059,0,40,40
-3.388308315,36.96646116,Tanzania,Tamassa,2016/17,NPK,5417.703704,120,40,40
-3.388308315,36.96646116,Tanzania,Tamassa,2016/17,NP,4760.818642,120,40,0
-3.388308315,36.96646116,Tanzania,Tamassa,2016/17,NPK+,4752.857143,120,40,40
-3.388308315,36.96646116,Tanzania,Tamassa,2016/17,NK,2749.166816,120,0,40
-3.377891109,35.71868913,Tanzania,Tamassa,2016/17,PK,5716.137566,0,30,30
-3.377891109,35.71868913,Tanzania,Tamassa,2016/17,Control,5595.865457,0,0,0
-3.377891109,35.71868913,Tanzania,Tamassa,2016/17,NK,5737.452935,100,0,30
-3.377891109,35.71868913,Tanzania,Tamassa,2016/17,NP,5453.985185,100,30,0
-3.377891109,35.71868913,Tanzania,Tamassa,2016/17,NPK,5431.904762,100,30,30
-3.377891109,35.71868913,Tanzania,Tamassa,2016/17,NPK+,4906.424242,100,30,30
-3.372844435,35.70299677,Tanzania,Tamassa,2016/17,Control,4241.301587,0,0,0
-3.372844435,35.70299677,Tanzania,Tamassa,2016/17,PK,2444.961787,0,50,50
-3.372844435,35.70299677,Tanzania,Tamassa,2016/17,NP,5344.285714,140,50,0
-3.372844435,35.70299677,Tanzania,Tamassa,2016/17,NPK,5011.964286,140,50,50
-3.372844435,35.70299677,Tanzania,Tamassa,2016/17,NPK+,4661.090909,140,50,50
-3.372844435,35.70299677,Tanzania,Tamassa,2016/17,NK,4184.615385,140,0,50
-3.36878202,35.71374366,Tanzania,Tamassa,2016/17,PK,4514.37037,0,50,50
-3.36878202,35.71374366,Tanzania,Tamassa,2016/17,Control,3272.724868,0,0,0
-3.36878202,35.71374366,Tanzania,Tamassa,2016/17,NPK+,4942.083694,140,50,50
-3.36878202,35.71374366,Tanzania,Tamassa,2016/17,NK,4796.839506,140,0,50
-3.36878202,35.71374366,Tanzania,Tamassa,2016/17,NP,4160,140,50,0
-3.365739838,36.32091423,Tanzania,Tamassa,2016/17,PK,1735.232804,0,40,40
-3.365739838,36.32091423,Tanzania,Tamassa,2016/17,Control,1256.645963,0,0,0
-3.365739838,36.32091423,Tanzania,Tamassa,2016/17,NPK+,2078.872535,120,40,40
-3.365739838,36.32091423,Tanzania,Tamassa,2016/17,NPK,1935.494505,120,40,40
-3.365739838,36.32091423,Tanzania,Tamassa,2016/17,NK,1929.637427,120,0,40
-3.365739838,36.32091423,Tanzania,Tamassa,2016/17,NP,1507.948052,120,40,0
-3.35989771,35.75081248,Tanzania,Tamassa,2016/17,Control,3717.788018,0,0,0
-3.35989771,35.75081248,Tanzania,Tamassa,2016/17,PK,3055.352791,0,30,30
-3.35989771,35.75081248,Tanzania,Tamassa,2016/17,NPK,6580.622222,100,30,30
-3.35989771,35.75081248,Tanzania,Tamassa,2016/17,NPK+,6230.857143,100,30,30
-3.35989771,35.75081248,Tanzania,Tamassa,2016/17,NP,6110.553936,100,30,0
-3.35989771,35.75081248,Tanzania,Tamassa,2016/17,NK,5520.634921,100,0,30
-3.356296338,36.32382137,Tanzania,Tamassa,2016/17,PK,4133.136508,0,40,40
-3.356296338,36.32382137,Tanzania,Tamassa,2016/17,Control,3820.912281,0,0,0
-3.356296338,36.32382137,Tanzania,Tamassa,2016/17,NPK+,4677.55102,120,40,40
-3.356296338,36.32382137,Tanzania,Tamassa,2016/17,NPK,3803.782946,120,40,40
-3.356296338,36.32382137,Tanzania,Tamassa,2016/17,NP,3408.100406,120,40,0
-3.356296338,36.32382137,Tanzania,Tamassa,2016/17,NK,3353.904762,120,0,40
-3.347815817,36.36112863,Tanzania,Tamassa,2016/17,Control,2456.556777,0,0,0
-3.347815817,36.36112863,Tanzania,Tamassa,2016/17,PK,1726.640523,0,40,40
-3.347815817,36.36112863,Tanzania,Tamassa,2016/17,NPK+,2971.428571,120,40,40
-3.347815817,36.36112863,Tanzania,Tamassa,2016/17,NK,2048.203175,120,0,40
-3.347815817,36.36112863,Tanzania,Tamassa,2016/17,NPK,1883.809524,120,40,40
-3.347815817,36.36112863,Tanzania,Tamassa,2016/17,NP,1871.22058,120,40,0
-3.346650845,36.3555387,Tanzania,Tamassa,2016/17,PK,2047.777778,0,40,40
-3.346650845,36.3555387,Tanzania,Tamassa,2016/17,Control,613.2857143,0,0,0
-3.346650845,36.3555387,Tanzania,Tamassa,2016/17,NPK+,3285.942857,120,40,40
-3.346650845,36.3555387,Tanzania,Tamassa,2016/17,NP,2471.019943,120,40,0
-3.346650845,36.3555387,Tanzania,Tamassa,2016/17,NPK,2471.019943,120,40,40
-3.346650845,36.3555387,Tanzania,Tamassa,2016/17,NK,1783.501134,120,0,40
-3.344185879,36.3603567,Tanzania,Tamassa,2016/17,PK,2851.60114,0,40,40
-3.344185879,36.3603567,Tanzania,Tamassa,2016/17,Control,2542.681319,0,0,0
-3.344185879,36.3603567,Tanzania,Tamassa,2016/17,NPK,3868.239316,120,40,40
-3.344185879,36.3603567,Tanzania,Tamassa,2016/17,NP,3500.732026,120,40,0
-3.344185879,36.3603567,Tanzania,Tamassa,2016/17,NPK+,3483.102725,120,40,40
-3.344185879,36.3603567,Tanzania,Tamassa,2016/17,NK,2314.342452,120,0,40
-3.340458001,36.36193619,Tanzania,Tamassa,2016/17,NPK+,3334.431373,120,40,40
-3.340458001,36.36193619,Tanzania,Tamassa,2016/17,NK,3301.857143,120,0,40
-3.340458001,36.36193619,Tanzania,Tamassa,2016/17,NPK,3204.183261,120,40,40
-3.340458001,36.36193619,Tanzania,Tamassa,2016/17,NP,3165.578644,120,40,0
-3.340065905,36.33411284,Tanzania,Tamassa,2016/17,PK,4608.746356,0,40,40
-3.340065905,36.33411284,Tanzania,Tamassa,2016/17,Control,3562.112554,0,0,0
-3.340065905,36.33411284,Tanzania,Tamassa,2016/17,NP,5243.577061,120,40,0
-3.340065905,36.33411284,Tanzania,Tamassa,2016/17,NK,4958.993711,120,0,40
-3.340065905,36.33411284,Tanzania,Tamassa,2016/17,NPK,4697.593985,120,40,40
-3.340065905,36.33411284,Tanzania,Tamassa,2016/17,NPK+,4231.720635,120,40,40
-3.338181454,36.36293047,Tanzania,Tamassa,2016/17,PK,3094.054054,0,40,40
-3.338181454,36.36293047,Tanzania,Tamassa,2016/17,Control,2661.234127,0,0,0
-3.338181454,36.36293047,Tanzania,Tamassa,2016/17,NP,4544.711111,120,40,0
-3.338181454,36.36293047,Tanzania,Tamassa,2016/17,NPK,4447.943563,120,40,40
-3.338181454,36.36293047,Tanzania,Tamassa,2016/17,NPK+,4266.666667,120,40,40
-3.338181454,36.36293047,Tanzania,Tamassa,2016/17,NK,3866.932447,120,0,40
-3.335680169,36.91955677,Tanzania,Tamassa,2016/17,Control,3799.98284,0,0,0
-3.335680169,36.91955677,Tanzania,Tamassa,2016/17,PK,2957.445378,0,50,50
-3.335680169,36.91955677,Tanzania,Tamassa,2016/17,NPK,4217.902116,140,50,50
-3.335680169,36.91955677,Tanzania,Tamassa,2016/17,NPK+,3841.401617,140,50,50
-3.335680169,36.91955677,Tanzania,Tamassa,2016/17,NK,3829.619048,140,0,50
-3.335680169,36.91955677,Tanzania,Tamassa,2016/17,NP,3811.047619,140,50,0
-3.334616508,35.71162019,Tanzania,Tamassa,2016/17,PK,5233.990148,0,50,50
-3.334616508,35.71162019,Tanzania,Tamassa,2016/17,Control,3772.903226,0,0,0
-3.334616508,35.71162019,Tanzania,Tamassa,2016/17,NPK,4446.08547,140,50,50
-3.334616508,35.71162019,Tanzania,Tamassa,2016/17,NK,4356.862745,140,0,50
-3.334616508,35.71162019,Tanzania,Tamassa,2016/17,NPK+,3578.052227,140,50,50
-3.334616508,35.71162019,Tanzania,Tamassa,2016/17,NP,3522.122449,140,50,0
-3.332540841,36.35014407,Tanzania,Tamassa,2016/17,PK,2452.444444,0,40,40
-3.332540841,36.35014407,Tanzania,Tamassa,2016/17,Control,2388.994709,0,0,0
-3.332540841,36.35014407,Tanzania,Tamassa,2016/17,NP,3213,120,40,0
-3.332540841,36.35014407,Tanzania,Tamassa,2016/17,NK,3141.256039,120,0,40
-3.332540841,36.35014407,Tanzania,Tamassa,2016/17,NPK,2254.545455,120,40,40
-3.332540841,36.35014407,Tanzania,Tamassa,2016/17,NPK+,2232.608696,120,40,40
-3.329160841,36.36793649,Tanzania,Tamassa,2016/17,Control,2491.777003,0,0,0
-3.329160841,36.36793649,Tanzania,Tamassa,2016/17,PK,1723.428571,0,40,40
-3.329160841,36.36793649,Tanzania,Tamassa,2016/17,NPK+,4529.975309,120,40,40
-3.329160841,36.36793649,Tanzania,Tamassa,2016/17,NPK,3949.076412,120,40,40
-3.329160841,36.36793649,Tanzania,Tamassa,2016/17,NP,3580.240459,120,40,0
-3.329160841,36.36793649,Tanzania,Tamassa,2016/17,NK,3488.832451,120,0,40
-3.240485928,37.09009703,Tanzania,Tamassa,2016/17,PK,1779.875205,0,30,30
-3.240485928,37.09009703,Tanzania,Tamassa,2016/17,Control,1502.47619,0,0,0
-3.240485928,37.09009703,Tanzania,Tamassa,2016/17,NP,4380.102041,100,30,0
-3.240485928,37.09009703,Tanzania,Tamassa,2016/17,NK,4112,100,0,30
-3.240485928,37.09009703,Tanzania,Tamassa,2016/17,NPK,3876.602527,100,30,30
-3.240485928,37.09009703,Tanzania,Tamassa,2016/17,NPK+,3705.812901,100,30,30
-3.22985855,37.08261261,Tanzania,Tamassa,2016/17,Control,1965.172161,0,0,0
-3.22985855,37.08261261,Tanzania,Tamassa,2016/17,PK,1246.262322,0,30,30
-3.22985855,37.08261261,Tanzania,Tamassa,2016/17,NK,4109.038402,100,0,30
-3.22985855,37.08261261,Tanzania,Tamassa,2016/17,NP,4068.571429,100,30,0
-3.22985855,37.08261261,Tanzania,Tamassa,2016/17,NPK,3201,100,30,30
-3.22985855,37.08261261,Tanzania,Tamassa,2016/17,NPK+,3138.095238,100,30,30
-3.226810094,37.04172105,Tanzania,Tamassa,2016/17,PK,1066.583851,0,30,30
-3.226810094,37.04172105,Tanzania,Tamassa,2016/17,Control,1061.632653,0,0,0
-3.226810094,37.04172105,Tanzania,Tamassa,2016/17,NPK,4091.615706,100,30,30
-3.226810094,37.04172105,Tanzania,Tamassa,2016/17,NPK+,3473.640553,100,30,30
-3.226810094,37.04172105,Tanzania,Tamassa,2016/17,NP,3136.10509,100,30,0
-3.226810094,37.04172105,Tanzania,Tamassa,2016/17,NK,2219.174603,100,0,30
-3.2215139,37.07848708,Tanzania,Tamassa,2016/17,Control,3269.032967,0,0,0
-3.2215139,37.07848708,Tanzania,Tamassa,2016/17,PK,2841.520378,0,40,40
-3.2215139,37.07848708,Tanzania,Tamassa,2016/17,NK,4883.166667,120,0,40
-3.2215139,37.07848708,Tanzania,Tamassa,2016/17,NPK,4026.143791,120,40,40
-3.2215139,37.07848708,Tanzania,Tamassa,2016/17,NPK+,3859.355054,120,40,40
-3.2215139,37.07848708,Tanzania,Tamassa,2016/17,NP,3744,120,40,0
-3.200053455,37.09002776,Tanzania,Tamassa,2016/17,PK,2298.975057,0,30,30
-3.200053455,37.09002776,Tanzania,Tamassa,2016/17,Control,1808.141093,0,0,0
-3.200053455,37.09002776,Tanzania,Tamassa,2016/17,NPK+,2447.41164,100,30,30
-3.200053455,37.09002776,Tanzania,Tamassa,2016/17,NK,1984.914286,100,0,30
-3.200053455,37.09002776,Tanzania,Tamassa,2016/17,NP,1926.095238,100,30,0
-3.200053455,37.09002776,Tanzania,Tamassa,2016/17,NPK,1924.105263,100,30,30
-3.191372123,37.07280316,Tanzania,Tamassa,2016/17,PK,2729.428571,0,30,30
-3.191372123,37.07280316,Tanzania,Tamassa,2016/17,Control,1813.310924,0,0,0
-3.191372123,37.07280316,Tanzania,Tamassa,2016/17,NP,4159.272727,100,30,0
-3.191372123,37.07280316,Tanzania,Tamassa,2016/17,NK,2976.556777,100,0,30
-3.191372123,37.07280316,Tanzania,Tamassa,2016/17,NPK+,2847.361111,100,30,30
-3.191372123,37.07280316,Tanzania,Tamassa,2016/17,NPK,2629.430242,100,30,30
-3.084233717,37.6623438,Tanzania,Tamassa,2016/17,Control,496.3232323,0,0,0
-3.084233717,37.6623438,Tanzania,Tamassa,2016/17,PK,487.6190476,0,30,30
-3.084233717,37.6623438,Tanzania,Tamassa,2016/17,NPK,535.4248366,100,30,30
-3.084233717,37.6623438,Tanzania,Tamassa,2016/17,NP,504.6215539,100,30,0
-3.084233717,37.6623438,Tanzania,Tamassa,2016/17,NK,499.3580247,100,0,30
-3.084233717,37.6623438,Tanzania,Tamassa,2016/17,NPK+,402.5238095,100,30,30
